name,pageid,wikidata,dob,death,religion,province,region,area,born_abroad
Abikusno Tjokrosujoso,1174515,Q4667741,1897,1968,Islam,Central Java,Tegal,Java,F
Adnan Kapau Gani,205654,Q4264085,1905,1968,Islam,West Sumatra,Agam,Sumatra,F
Ali Sastroamidjojo,48386,Q2669326,1903,1975,Islam,Central Java,Magelang,Java,F
Djody Gondokusumo,3226465,Q109430802,1912,0,Islam,Yogyakarta,Yogyakarta,Java,F
Fatmawati,7082,Q468519,1923,1980,Islam,Bengkulu,Bengkulu,Sumatra,F
Ferdinand Lumban Tobing,68191,Q11188587,1899,1962,Protestant,North Sumatra,Central Tapanuli ,Sumatra,F
Guruh Soekarnoputra,196541,Q4264069,1953,0,Islam,Jakarta,,Greater Jakarta,F
Hazairin,7093,Q11168814,1906,1975,Islam,West Sumatra,Bukittinggi,Sumatra,F
Iskak Tjokroadisurjo,2494668,Q56392413,1896,1984,,East Java,Jombang,Java,F
Iwa Kusumasumantri,48946,Q10975733,1899,1971,Islam,West Java,Ciamis,Java,F
Joko Widodo,31706,Q3318231,1961,0,Islam,Central Java,Surakarta,Java,F
Lie Kiat Teng,33036,Q12494804,1912,1983,Islam,West Java,Sukabumi,Java,F
Ma'ruf Amin,344316,Q12497177,1943,0,Islam,Banten,Tangerang,Java,F
Masjkur,345021,Q12497345,1904,1994,Islam,East Java,Malang,Java,F
Megawati Soekarnoputri,3483,Q76179,1947,0,Islam,Yogyakarta,Yogyakarta,Java,F
Mohammad Hanafiah,1414101,Q17410754,1904,1981,Islam,South Kalimantan,,Kalimantan,F
Mohammad Hatta,7125,Q29050,1902,1980,Islam,West Sumatra,Bukittinggi,Sumatra,F
Mohammad Yamin,7126,Q3503054,1903,1962,Islam,West Sumatra,Sawahlunto,Sumatra,F
Ong Eng Die,234809,Q7093799,1910,0,Catholic,Gorontalo,Gorontalo,Sulawesi,F
Pandji Suroso,256708,Q129689,1893,1981,Islam,East Java,Sidoarjo,Java,F
R. Sunarjo,3001391,Q85993732,1908,1996,Islam,Central Java,Sragen,Java,F
Rachmawati Soekarnoputri,371014,Q12507600,1950,2021,Islam,Jakarta,,Greater Jakarta,F
Ratna Sari Dewi Soekarno,255063,Q4263050,1940,0,,Japan,,,T
Roosseno Soerjohadikoesoemo,302490,Q12508921,1908,1996,Islam,East Java,Madiun,Java,F
Sadjarwo Djarwonagoro,3080950,Q95544874,1917,1996,,Central Java,Surakarta,Java,F
Soedibjo,1488546,Q17411444,1918,2008,Islam,East Java,Probolinggo,Java,F
Soekarno,2834,Q76127,1901,1970,Islam,East Java,Surabaya,Java,F
Sukmawati Soekarnoputri,325775,Q12517042,1951,0,Hindu,Jakarta,,Greater Jakarta,F
Sunario Sastrowardoyo,157808,Q4446092,1902,1997,Islam,East Java,Madiun,Java,F
Sutan Muchtar Abidin,1026825,Q12518231,1910,0,Islam,West Sumatra,Pariaman,Sumatra,F
Wongsonegoro,346330,Q3526552,1897,1978,Kejawen,Central Java,Surakarta,Java,F
Zainul Arifin Pohan,11479,Q12525401,1909,1963,Islam,North Sumatra,Central Tapanuli ,Sumatra,F
Agustinus Suhardi,2741652,Q61714760,1899,0,Catholic,Central Java,Klaten,Java,F
Dahlan Ibrahim,1017090,Q12480685,0,0,Islam,,,,F
Djuanda Kartawidjaja,7101,Q2670453,1911,1963,Islam,West Java,Tasikmalaya,Java,F
Eny Karim,1017375,Q16044649,1910,1995,Islam,East Java,Batu,Java,F
Handrianus Sinaga,2122676,Q28723855,1912,1981,Protestant,North Sumatra,Samosir,Sumatra,F
Idham Chalid,79382,Q6854752,1921,2010,Islam,South Kalimantan,Tanah Bumbu,Kalimantan,F
Jusuf Wibisono,345024,Q6854709,1909,1982,Islam,Central Java,Magelang,Java,F
Moeljatno,831715,Q6890147,1909,1971,Islam,Central Java,Surakarta,Java,F
Mohammad Roem,27480,Q2746664,1908,1983,Islam,Central Java,Temanggung,Java,F
Pangeran Mohammad Nur,116336,Q12502601,1901,1979,Islam,South Kalimantan,,Kalimantan,F
Roeslan Abdulgani,24875,Q967941,1914,2005,Islam,East Java,Surabaya,Java,F
Rusli Abdul Wahid,1027645,Q12509202,1908,1999,Islam,West Sumatra,Lima Puluh Kota,Sumatra,F
Sabilal Rasjad,1026653,Q12511399,1908,0,Islam,West Sumatra,Agam,Sumatra,F
Sarino Mangunpranoto,346335,Q12512234,1910,1983,Islam,Central Java,Purworejo,Java,F
Wirjono Prodjodikoro,437179,Q8026958,1903,1985,Islam,Central Java,Surakarta,Java,F
AA Maramis,49504,Q12682432,1897,1977,Protestant,North Sulawesi,Manado,Sulawesi,F
Achmad Asj'ari,824093,Q14404403,0,0,Islam,South Sumatra,Palembang,Sumatra,F
Agus Salim,7062,Q118629,1884,1954,Islam,West Sumatra,Agam,Sumatra,F
Amir Sjarifuddin,41020,Q1810083,1907,1948,Protestant,North Sumatra,Medan,Sumatra,F
Anwaruddin,824101,Q4778076,0,0,Islam,,,,F
Arudji Kartawinata,202142,Q13198631,1905,1970,Islam,West Java,Garut,Java,F
Hamengkubuwono IX,792,Q76227,1912,1988,Islam,Yogyakarta,Yogyakarta,Java,F
Herling Laoh,661543,Q6696761,1902,1970,Protestant,North Sulawesi,Minahasa,Sulawesi,F
IJ Kasimo,211023,Q13534328,1900,1986,Catholic,Yogyakarta,Yogyakarta,Java,F
J. Leimena,48756,Q2642883,1905,1977,Protestant,Maluku,Ambon,Maluku and Papua,F
SK Trimurti,140757,Q7387595,1912,2008,,Central Java,Boyolali,Java,F
Satrio,433006,Q12512336,1916,1986,Islam,East Java,Banyuwangi,Java,F
Setyadjit Soegondo,503082,Q2230428,1907,1948,Islam,East Java,Jombang,Java,F
Sjahbudin Latif,1026773,Q12515622,1898,0,Islam,West Sumatra,Pariaman,Sumatra,F
Susanto Tirtoprodjo,48339,Q6723714,1900,1969,Islam,Central Java,Surakarta,Java,F
Tamsil,809756,Q13218166,1908,1992,Islam,West Sumatra,Agam,Sumatra,F
Wikana,349754,Q19944523,1914,0,,West Java,Sumedang,Java,F
Wilopo,48381,Q2091244,1909,1981,Islam,Central Java,Purworejo,Java,F
Wondoamiseno,348668,Q19749246,1891,1952,Islam,East Java,Pasuruan,Java,F
Anwar Tjokroaminoto,3019099,Q84836232,1909,1975,Islam,East Java,Surabaya,Java,F
Kasman Singodimedjo,41439,Q16187634,1908,1985,Islam,Central Java,Purworejo,Java,F
R. Syamsudin,1487137,Q17410975,1908,1950,Islam,West Java,Sukabumi,Java,F
Adam Malik,793,Q76297,1917,1984,Islam,North Sumatra,Pematangsiantar,Sumatra,F
Albert Mangaratua Tambunan,1840967,Q24284585,1911,1970,Protestant,North Sumatra,North Tapanuli ,Sumatra,F
Ashari Danudirdjo,520532,Q724830,1922,2010,Islam,Central Java,Semarang,Java,F
Awaluddin Djamin,44049,Q4843839,1927,2019,Islam,West Sumatra,Padang,Sumatra,F
B.M. Diah,80082,Q16174471,1917,1996,Islam,Aceh,Banda Aceh,Sumatra,F
Basuki Rahmat,7071,Q4202242,1921,1969,Islam,Central Java,Rembang,Java,F
Bratanata,417833,Q12515661,1928,1992,,Central Java,Surakarta,Java,F
Frans Seda,79301,Q981547,1926,2009,Catholic,East Nusa Tenggara,Sikka,Bali-Nusra,F
G.A. Siwabessy,346163,Q5511990,1914,1982,Protestant,Maluku,Central Maluku,Maluku and Papua,F
Jatidjan,418143,Q12487456,1926,2008,,Central Java,Kebumen,Java,F
M. Jusuf,50968,Q4535417,1928,2004,Islam,South Sulawesi,Bone,Sulawesi,F
M. Sarbini,623177,Q12495707,1914,1977,Islam,Central Java,Kebumen,Java,F
Moeljadi,1409261,Q17410747,1924,1972,Islam,Central Java,Wonogiri,Java,F
Muhammad Sanusi,417778,Q12499381,1920,2002,Islam,Central Java,Klaten,Java,F
Oemar Seno Adji,251191,Q12501175,1915,1984,Islam,Central Java,Surakarta,Java,F
P.C. Harjasudirdja,1822666,Q25463109,1925,2006,,Yogyakarta,Yogyakarta,Java,F
Rusmin Nurjadin,342367,Q12508816,1930,1994,Islam,East Java,Malang,Java,F
Saifuddin Zuhri,440400,Q14404735,1919,1986,Islam,Central Java,Banyumas,Java,F
Sanusi Hardjadinata,287588,Q12512111,1914,1995,Islam,West Java,Garut,Java,F
Soeharto,2835,Q44819,1921,2008,Islam,Yogyakarta,Bantul,Java,F
Sutami,416500,Q17411492,1928,1980,Islam,Central Java,Surakarta,Java,F
Sutjipto (lahir 1926),820618,Q115400990,1926,0,,Central Java,Boyolali,Java,F
Sutjipto Judodihardjo,44046,Q4595588,1917,1984,Islam,East Java,Bondowoso,Java,F
Sutopo,1013518,Q12518244,1924,1981,Islam,Central Java,Wonogiri,Java,F
Bambang Trihatmodjo,1105489,Q12473900,1953,0,Islam,Central Java,Surakarta,Java,F
Hutomo Mandala Putra,22456,Q3177695,1962,0,Islam,Jakarta,,Greater Jakarta,F
Muhammad Dahlan,803997,Q12499346,1909,1977,Islam,East Java,Pasuruan,Java,F
Sigit Harjojudanto,1105506,Q12514651,1951,0,Islam,Central Java,Surakarta,Java,F
Siti Hardijanti Rukmana,6001,Q7531876,1949,0,Islam,Yogyakarta,Yogyakarta,Java,F
Siti Hartinah,6029,Q4201169,1923,1996,Islam,Central Java,Karanganyar,Java,F
Siti Hediati Hariyadi,69566,Q12515517,1959,0,Islam,Central Java,Semarang,Java,F
Siti Hutami Endang Adiningsih,1760022,Q20278519,1964,0,Islam,Jakarta,,Greater Jakarta,F
Soemantri Brodjonegoro,345028,Q12517348,1926,1973,Islam,Central Java,Semarang,Java,F
Thoyib Hadiwidjaja,404375,Q12521372,1919,2002,Islam,West Java,Ciamis,Java,F
Abdul Hakim Harahap,1676307,Q19942211,1905,1961,Islam,Jambi,Sarolangun,Sumatra,F
Burhanuddin Harahap,48392,Q2669297,1917,1987,Islam,North Sumatra,Medan,Sumatra,F
Frits Laoh,1603435,Q19746108,1888,1961,Protestant,North Sulawesi,Minahasa,Sulawesi,F
Harsono Tjokroaminoto,1638788,Q18421456,1912,1992,Islam,East Java,Madiun,Java,F
Ide Anak Agung Gde Agung,157813,Q981536,1921,1999,Hindu,Bali,Gianyar,Bali-Nusra,F
Iskandar Tedjasukmana,3043668,Q97373847,1915,0,Islam,West Java,Cianjur,Java,F
Lukman Wiriadinata,1778899,Q25461005,1910,1988,Islam,West Java,Garut,Java,F
Mohammad Sardjan,3130654,Q98785893,1909,1992,Islam,Central Java,Kebumen,Java,F
Muhammad Ilyas,188141,Q659028,1885,1944,Islam,East Java,Probolinggo,Java,F
R.M. Suwandi,346332,Q12507525,1904,1960,Islam,Central Java,Surakarta,Java,F
Sjamsuddin Sutan Makmur,1026794,Q12515626,1909,1967,Islam,North Sumatra,Langkat,Sumatra,F
Sumitro Djojohadikusumo,79306,Q7553510,1917,2001,Islam,Central Java,Kebumen,Java,F
Sutomo,72541,Q3181117,1920,1981,Islam,East Java,Surabaya,Java,F
Mananti Sitompul,1601596,Q109934104,1909,1980,,North Sumatra,North Tapanuli ,Sumatra,F
Sjafruddin Prawiranegara,12991,Q4201482,1911,1989,Islam,Banten,Serang,Java,F
Sukiman Wirjosandjojo,48377,Q289858,1898,1974,Islam,Central Java,Surakarta,Java,F
Teuku Muhammad Hasan,346326,Q4259946,1906,1997,Islam,Aceh,Pidie,Sumatra,F
Azis Saleh,49507,Q12470542,1914,2001,Islam,Central Java,Boyolali,Java,F
Chaerul Saleh,49270,Q5068118,1916,1967,Islam,West Sumatra,Sawahlunto,Sumatra,F
Dadang Suprajogi,3143753,Q99520704,1914,1998,,West Java,Bandung,Java,F
Freddy Jaques Inkiriwang,2594629,Q52833885,1912,1972,Protestant,East Java,Mojokerto,Java,F
Gustaaf Adolf Maengkom,2595243,Q52868794,1907,1984,Protestant,North Sulawesi,Minahasa,Sulawesi,F
Mohammad Nazir,673665,Q12498767,1910,1982,Islam,West Sumatra,Agam,Sumatra,F
Muhammad Wahib Wahab,803784,Q14404607,1918,1986,Islam,East Java,Jombang,Java,F
Muljadi Djojomartono,1108189,Q19745785,1898,1967,Islam,Central Java,Surakarta,Java,F
Prijono,346337,Q4378323,1905,1969,,Yogyakarta,Yogyakarta,Java,F
Soenardjo,845061,Q12515764,1916,1996,Islam,Central Java,Kebumen,Java,F
Subandrio,48753,Q1306699,1914,2004,Islam,East Java,Malang,Java,F
Abdul Haris Nasution,7055,Q317291,1918,2000,Islam,North Sumatra,Mandailing Natal,Sumatra,F
Achmad Sjaichu,2833890,Q65204588,1921,1995,Islam,East Java,Surabaya,Java,F
Achmad Yusuf,3821485,Q120203184,1919,1982,Islam,,,,F
Achmadi Hadisoemarto,2957337,Q85988415,1927,1984,Islam,East Java,Ngawi,Java,F
Agustinus Sutardhio,3091745,Q97196583,1925,1981,Catholic,Central Java,Surakarta,Java,F
Ahem Erningpradja,1809945,Q25462968,1912,0,Islam,West Java,Kuningan,Java,F
Ahmad Yani,7064,Q2992817,1922,1965,Islam,Central Java,Purworejo,Java,F
Ali Sadikin,32337,Q1393182,1926,2008,Islam,West Java,Sumedang,Java,F
Aminuddin Azis,3812132,Q120203095,1927,1990,Islam,North Sumatra,South Tapanuli ,Sumatra,F
Arifin Harahap,1864678,Q25465782,0,0,,,,,F
Astrawinata,3087209,Q97196745,1917,1968,Islam,South Sumatra,Palembang,Sumatra,F
Bugi Supeno,3819726,Q119853661,1930,2012,,,,,F
D.N. Aidit,48862,Q558979,1923,1965,,Bangka Belitung,Belitung,Sumatra,F
Fatah Jasin,3135309,Q98985242,1915,1980,Islam,East Java,Surabaya,Java,F
Hadi Thayeb,344549,Q12485046,1922,2014,Islam,Aceh,East Aceh,Sumatra,F
Hidajat Martaatmadja,418001,Q12485641,1915,2005,Islam,West Java,Cianjur,Java,F
Hoegeng Imam Santoso,44047,Q4595763,1921,2004,Islam,Central Java,Pekalongan,Java,F
I Gusti Gde Subamia,3148019,Q97036710,1921,1986,Hindu,Bali,Tabanan,Bali-Nusra,F
Ibnu Sutowo,37426,Q5984338,1914,2001,Islam,Yogyakarta,Yogyakarta,Java,F
Ipik Gandamana,287584,Q16183366,1906,1979,Islam,West Java,Purwakarta,Java,F
Jusuf Muda Dalam,1850578,Q25464863,1914,1976,Islam,Aceh,Pidie,Sumatra,F
M.H. Lukman,374012,Q6712646,1920,1966,Islam,Central Java,Tegal,Java,F
Maladi,325780,Q4259902,1912,2001,Islam,Central Java,Surakarta,Java,F
Mohammad Ichsan,3883521,Q120203830,1902,1991,Islam,Central Java,Kendal,Java,F
Muhammad Ilyas (ulama),416169,Q12499363,1911,1970,Islam,East Java,Pasuruan,Java,F
Mursalin Daeng Mamangung,143702,Q12499604,1922,2006,Islam,South Sulawesi,Kepulauan Selayar,Sulawesi,F
Notohamiprodjo,1698028,Q19752307,1905,1976,,Yogyakarta,Yogyakarta,Java,F
Oei Tjoe Tat,67646,Q12501160,1922,1996,Catholic,Central Java,Surakarta,Java,F
Omar Dhani,26564,Q2627581,1924,2009,Islam,Central Java,Surakarta,Java,F
Partono,3112284,Q97811517,1924,1988,,Central Java,Semarang,Java,F
Pranoto Reksosamodra,740054,Q12506359,1923,1992,Islam,Central Java,Purworejo,Java,F
R.E. Martadinata,7121,Q5928807,1921,1966,Islam,West Java,Bandung,Java,F
Raden Soemarto,3128856,Q120202051,1901,0,,Central Java,Banyumas,Java,F
Radius Prawiro,25602,Q7281390,1928,2005,Protestant,Yogyakarta,Yogyakarta,Java,F
Rusiah Sardjono,418144,Q12509201,1921,1988,,Central Java,Kebumen,Java,F
Sartono,49512,Q9333940,1900,1968,Islam,Central Java,Wonogiri,Java,F
Setiadi Reksoprodjo,3211940,Q58924768,1921,2010,,Central Java,Purworejo,Java,F
Soedjarwo,346154,Q12515747,1922,2004,,Central Java,Wonogiri,Java,F
Soeharto Sastrosoeyoso,2674129,Q61118630,1908,2000,,Central Java,Klaten,Java,F
Soekarno Djojonegoro,44044,Q4595573,1908,1975,Islam,West Java,Banjar,Java,F
Soemarno (ekonom),1697995,Q19752816,1915,0,,Central Java,Klaten,Java,F
Soemarno Sosroatmodjo,108023,Q13097202,1911,1991,Islam,East Java,Jember,Java,F
Soerjadi Soerjadarma,202195,Q4843380,1912,1975,Islam,East Java,Banyuwangi,Java,F
Soetjipto Danoekoesoemo,44045,Q4595611,1922,1998,Protestant,East Java,Tulungagung,Java,F
Sri Mulyono Herlambang,342366,Q12516089,1930,2007,,Central Java,Surakarta,Java,F
Sudjono Djuned Pusponegoro,1643836,Q19723944,1908,1986,,Central Java,Pekalongan,Java,F
Syarif Thayeb,346339,Q17411574,1920,1989,Islam,Aceh,East Aceh,Sumatra,F
Tumpal Dorianus Pardede,692069,Q17411612,1916,1991,Protestant,North Sumatra,North Tapanuli ,Sumatra,F
W.J. Rumambi,346169,Q12523754,1916,1984,Protestant,North Sulawesi,Minahasa,Sulawesi,F
Marzuki Yatim,1026624,Q12497195,0,0,Islam,,,,F
R.Hartono (KKO),1062855,Q120202913,1927,1971,Islam,Central Java,Surakarta,Java,F
Suharnoko Harbani,416224,Q12516580,1925,2001,Islam,East Java,Banyuwangi,Java,F
Abdurachman Prawirakusumah,3822344,Q120203097,1923,1986,Islam,Banten,Serang,Java,F
Achmad Tirtosudiro,432504,Q12470656,1922,2011,Islam,West Java,Purwakarta,Java,F
Ben Mang Reng Say,2605971,Q4886112,1928,2003,Catholic,East Nusa Tenggara,Sikka,Bali-Nusra,F
Djamin Ginting,125966,Q12481724,1921,1974,Protestant,North Sumatra,Karo,Sumatra,F
Jacob Salatun,729983,Q3623692,1927,2012,Islam,Central Java,Banyumas,Java,F
Mashudi (militer),30857,Q10995103,1919,2005,Islam,West Java,Garut,Java,F
Mashuri Saleh,119980,Q12497239,1925,2001,Islam,Central Java,Pati,Java,F
Melanchton Siregar,2834542,Q64758802,1912,1975,Protestant,North Sumatra,Humbang Hasundutan,Sumatra,F
Mohammad Isnaeni,237136,Q12498762,1919,2002,Islam,East Java,Ponorogo,Java,F
Osa Maliki,1801299,Q25462186,1907,1969,Islam,West Java,Bandung,Java,F
S.H. Simatupang,3178415,Q99237618,1918,1992,Protestant,North Sumatra,Dairi,Sumatra,F
Soerjadi (hakim),437185,Q12515781,0,0,,Central Java,Pati,Java,F
Sugih Arto,41426,Q12516549,1923,2008,Islam,Yogyakarta,Yogyakarta,Java,F
A.M. Hendropriyono,51543,Q4666027,1945,0,Islam,Yogyakarta,Yogyakarta,Java,F
Abdul Malik Fadjar,50458,Q11109918,1939,2020,Islam,Yogyakarta,Yogyakarta,Java,F
Achmad Sujudi,50444,Q13091459,1941,2023,Islam,East Java,Bondowoso,Java,F
Agum Gumelar,50580,Q4694586,1945,0,Islam,West Java,Tasikmalaya,Java,F
Alimarwan Hanan,51248,Q17410558,1947,2010,Islam,South Sumatra,Ogan Komering Ulu,Sumatra,F
Bachtiar Chamsyah,50278,Q4838924,1945,0,Islam,Aceh,Pidie,Sumatra,F
Bambang Kesowo,51542,Q12473890,1945,0,Islam,Central Java,Sragen,Java,F
Boediono,35226,Q76362,1943,0,Islam,East Java,Blitar,Java,F
Bungaran Saragih,50581,Q12477889,1945,0,Protestant,North Sumatra,Pematangsiantar,Sumatra,F
Dorodjatun Kuntjoro-Jakti,50422,Q5298156,1939,0,Islam,Banten,Lebak,Java,F
Hamzah Haz,6068,Q76344,1940,0,Islam,West Kalimantan,Ketapang,Kalimantan,F
Hari Sabarno,50432,Q12485293,1944,2019,Islam,Central Java,Surakarta,Java,F
Hassan Wirajuda,26846,Q183581,1948,0,Islam,Jakarta,,Greater Jakarta,F
Hatta Rajasa,7329,Q4201732,1953,0,Islam,South Sumatra,Palembang,Sumatra,F
I Gede Ardhika,704246,Q4207794,1945,2021,Hindu,Bali,Buleleng,Bali-Nusra,F
Jacob Nuwa Wea,50578,Q11215759,1944,2016,Catholic,East Nusa Tenggara,Nagekeo,Bali-Nusra,F
Jusuf Kalla,6659,Q76354,1942,0,Islam,South Sulawesi,Bone,Sulawesi,F
Kwik Kian Gie,29900,Q4201110,1935,0,Buddha,Central Java,Pati,Java,F
Laksamana Sukardi,51244,Q12493537,1956,0,Islam,Jakarta,,Greater Jakarta,F
Manuel Kaisiepo,51171,Q12496803,1953,0,Protestant,Papua,Biak Numfor,Maluku and Papua,F
Marzuki Darusman,41440,Q6781884,1945,0,Islam,West Java,Bogor,Java,F
Matori Abdul Djalil,50425,Q12497539,1942,2007,Islam,Central Java,Salatiga,Java,F
Mohamad Prakosa,50582,Q12498747,1960,2023,Islam,Yogyakarta,Yogyakarta,Java,F
Mohammad Prananda Prabowo,1155916,Q17410937,1970,0,Islam,Jakarta,,Greater Jakarta,F
Muhammad Feisal Tamin,51164,Q12499358,1941,0,Islam,West Nusa Tenggara,Dompu,Bali-Nusra,F
Nabiel Makarim,51253,Q6956873,1945,2021,Islam,Central Java,Surakarta,Java,F
Puan Maharani,676070,Q15646541,1973,0,Islam,Jakarta,,Greater Jakarta,F
Purnomo Yusgiantoro,50276,Q4251398,1951,0,Catholic,Central Java,Semarang,Java,F
Rini Mariani Soemarno Soewandi,50579,Q6856490,1958,0,Islam,United States,,,T
Rokhmin Dahuri,51162,Q17410470,1958,0,Islam,West Java,Cirebon,Java,F
Said Agil Husin Al Munawar,43086,Q12511497,1954,0,Islam,South Sumatra,Palembang,Sumatra,F
Soenarno,51159,Q12515766,1942,2018,Islam,Central Java,Grobogan,Java,F
Sri Redjeki Sumarjoto,51249,Q17411470,1950,2017,Islam,Central Java,Surakarta,Java,F
Surindro Supjarso,1152486,Q19748675,1943,1970,Islam,Jakarta,,Greater Jakarta,F
Susilo Bambang Yudhoyono,6628,Q57405,1949,0,Islam,East Java,Pacitan,Java,F
Syamsul Mu'arif,51240,Q6684408,1948,2012,Islam,South Kalimantan,South Hulu Sungai,Kalimantan,F
Taufiq Kiemas,23838,Q4201140,1942,2013,Islam,Lampung,Bandar Lampung,Sumatra,F
Yusril Ihza Mahendra,10171,Q8061915,1956,0,Islam,Bangka Belitung,Bangka,Sumatra,F
AG Pringgodigdo,824291,Q4665021,1904,1988,Islam,East Java,Bojonegoro,Java,F
Abdoel Halim,48343,Q2978474,1911,1987,Islam,West Sumatra,Bukittinggi,Sumatra,F
Assaat,51569,Q4808308,1904,1976,Islam,West Sumatra,Agam,Sumatra,F
Fakih Usman,630676,Q5431566,1904,1968,Islam,East Java,Gresik,Java,F
S. Mangunsarkoro,346328,Q16187798,1904,1957,Islam,Central Java,Surakarta,Java,F
Tandiono Manu,3396608,Q109905042,1913,1986,,East Java,Banyuwangi,Java,F
Wiwoho Purbohadidjojo,3909042,Q118287735,1898,0,,Central Java,Temanggung,Java,F
Mohammad Natsir,12923,Q2327343,1908,1993,Islam,West Sumatra,Solok,Sumatra,F
Supeno,11457,Q12518049,1916,1949,Islam,Central Java,Pekalongan,Java,F
Agung Laksono,12834,Q2581141,1949,0,Islam,Central Java,Semarang,Java,F
Agus Harimurti Yudhoyono,87843,Q7805962,1978,0,Islam,West Java,Bandung,Java,F
Agus Martowardojo,44755,Q3498269,1956,0,Islam,Netherlands,,,T
Agus Suhartono,455515,Q4258745,1955,0,Islam,East Java,Blitar,Java,F
Alex Retraubun,710709,Q12471445,1960,0,Protestant,Maluku,Maluku Tenggara,Maluku and Papua,F
Ali Ghufron Mukti,952001,Q12471480,1962,0,Islam,East Java,Blitar,Java,F
Amir Syamsuddin,798575,Q4016580,1946,0,Islam,West Java,Bandung,Java,F
Andi Alfian Mallarangeng,35414,Q11093005,1963,0,Islam,South Sulawesi,Makassar,Sulawesi,F
Armida Alisjahbana,446226,Q4259192,1960,0,,West Java,Bandung,Java,F
Azwar Abubakar,806277,Q4833145,1952,0,Islam,Aceh,Banda Aceh,Sumatra,F
Balthasar Kambuaya,798045,Q12473858,1956,0,Protestant,West Papua,Maybrat,Maluku and Papua,F
Bambang Brodjonegoro,1299072,Q16169810,1966,0,Islam,Jakarta,,Greater Jakarta,F
Bambang Hendarso Danuri,319069,Q4260011,1952,0,Islam,West Java,Bogor,Java,F
Bambang Susantono,967616,Q12473898,1963,0,,Yogyakarta,Yogyakarta,Java,F
Basrief Arief,617885,Q12474901,1947,2021,Islam,South Sumatra,Muara Enim,Sumatra,F
Bayu Krisnamurthi,808425,Q12475456,1964,0,Islam,North Sulawesi,Manado,Sulawesi,F
Chairul Tanjung,146840,Q5068119,1962,0,Islam,Jakarta,,Greater Jakarta,F
Dahlan Iskan,69079,Q4252078,1951,0,Islam,East Java,Magetan,Java,F
Darmono,609164,Q16173827,1953,0,Islam,Central Java,Klaten,Java,F
Darwin Zahedy Saleh,445653,Q4258761,1960,0,Islam,Riau,Indragiri Hilir,Sumatra,F
Denny Indrayana,592055,Q12481262,1972,0,Islam,South Kalimantan,Kotabaru,Kalimantan,F
Dino Patti Djalal,80977,Q12481562,1965,0,Islam,Serbia,,,T
Dipo Alam,952000,Q12481580,1949,0,Islam,Jakarta,,Greater Jakarta,F
Djan Faridz,804353,Q5285224,1950,0,Islam,Jakarta,,Greater Jakarta,F
Djoko Kirmanto,50277,Q11182889,1943,0,Islam,Central Java,Boyolali,Java,F
Djoko Santoso,89283,Q4196055,1952,2020,,Central Java,Surakarta,Java,F
Djoko Suyanto,36917,Q4016590,1950,0,Islam,East Java,Madiun,Java,F
E.E. Mangindaan,344721,Q13092889,1943,0,Protestant,Central Java,Surakarta,Java,F
Edhie Baskoro Yudhoyono,795892,Q7806029,1980,0,Islam,West Java,Bandung,Java,F
Eko Prasojo,1299024,Q16175768,1970,0,,Riau Islands,Bintan,Sumatra,F
Endang Rahayu Sedyaningsih,447197,Q469616,1955,2012,Islam,Jakarta,,Greater Jakarta,F
Fadel Muhammad,35411,Q5429207,1952,0,Islam,North Maluku,Ternate,Maluku and Papua,F
Fasli Jalal,777244,Q12482800,1953,0,Islam,West Sumatra,Padang,Sumatra,F
Freddy Numberi,35458,Q4200601,1947,0,Protestant,Papua,Waropen,Maluku and Papua,F
Gamawan Fauzi,36063,Q5519592,1957,0,Islam,West Sumatra,Solok,Sumatra,F
Gita Wirjawan,445754,Q5247132,1965,0,Islam,Jakarta,,Greater Jakarta,F
Gusti Muhammad Hatta,446105,Q12484988,1952,0,Islam,West Java,Banjar,Java,F
Helmy Faishal Zaini,446249,Q12485528,1972,0,Islam,West Java,Cirebon,Java,F
Hendarman Supandji,184531,Q4264975,1947,0,Islam,West Java,Bandung,Java,F
Hermanto Dardak,824825,Q12485601,1957,2022,Islam,East Java,Trenggalek,Java,F
Jero Wacik,35729,Q4200552,1949,0,Hindu,Bali,Buleleng,Bali-Nusra,F
Kristiani Herrawati,44164,Q4200758,1952,2019,Islam,Yogyakarta,Yogyakarta,Java,F
Kuntoro Mangkusubroto,220440,Q12492968,1947,0,Islam,Central Java,Banyumas,Java,F
Linda Amalia Sari,446102,Q12494918,1951,0,Islam,West Java,Bandung,Java,F
Lukita Dinarsyah Tuwo,808415,Q12495549,1961,0,Islam,West Java,Bandung,Java,F
Lukman Hakim Saifuddin,1200317,Q16188358,1962,0,Islam,Jakarta,,Greater Jakarta,F
Mahendra Siregar,797675,Q12496110,1962,0,Protestant,West Java,Bandung,Java,F
Marciano Norman,446469,Q6757170,1954,0,,West Java,Banjar,Java,F
Mari Elka Pangestu,35234,Q3502322,1956,0,Protestant,Jakarta,,Greater Jakarta,F
Marty Natalegawa,24200,Q58290,1963,0,Islam,West Java,Bandung,Java,F
Moeldoko,1114385,Q12498731,1957,0,Islam,East Java,Kediri,Java,F
Mohamad Suleman Hidayat,441020,Q4258719,1944,0,Islam,East Java,Jombang,Java,F
Muhaimin Iskandar,445662,Q12499327,1966,0,Islam,East Java,Jombang,Java,F
Muhammad Chatib Basri,876993,Q12499347,1965,0,Islam,Jakarta,,Greater Jakarta,F
Muhammad Lutfi,902486,Q12499368,1969,0,Islam,Jakarta,,Greater Jakarta,F
Mustafa Abubakar,263001,Q468390,1949,0,Islam,Aceh,Pidie,Sumatra,F
Nafsiah Mboi,950433,Q12499835,1940,0,Catholic,South Sulawesi,Wajo,Sulawesi,F
Nasaruddin Umar,1299030,Q6966619,1959,0,Islam,South Sulawesi,Bone,Sulawesi,F
Nila Djuwita Anfasa Moeloek,446868,Q13095464,1949,0,Islam,Jakarta,,Greater Jakarta,F
Patrialis Akbar,445647,Q5247076,1958,0,Islam,West Sumatra,Padang,Sumatra,F
Roy Suryo,206591,Q9019254,1968,0,Islam,Yogyakarta,Yogyakarta,Java,F
Rudi Rubiandini,1000124,Q12508991,1962,0,Islam,West Java,Tasikmalaya,Java,F
Rusman Heriawan,1299054,Q17411148,1951,0,Islam,West Java,Bogor,Java,F
Salim Segaf Al-Jufri,446246,Q12511651,1954,0,Islam,Central Java,Surakarta,Java,F
Sapta Nirwandar,967623,Q12512140,1954,0,Islam,Lampung,Bandar Lampung,Sumatra,F
Sharif Cicip Sutarjo,858413,Q19798851,1948,0,Islam,Yogyakarta,Yogyakarta,Java,F
Sjafrie Sjamsoeddin,420230,Q12515621,1952,0,Islam,South Sulawesi,Makassar,Sulawesi,F
Sri Mulyani Indrawati,35432,Q3177708,1962,0,Islam,Lampung,Bandar Lampung,Sumatra,F
Sudi Silalahi,33388,Q13097278,1949,2021,Islam,North Sumatra,Simalungun,Sumatra,F
Suharna Surapranata,446098,Q5247068,1955,0,Islam,Jakarta,,Greater Jakarta,F
Suharso Monoarfa,445755,Q12516581,1954,0,Islam,West Nusa Tenggara,Mataram,Bali-Nusra,F
Suryadharma Ali,50282,Q983372,1956,0,Islam,Jakarta,,Greater Jakarta,F
Susilo Siswoutomo,1159295,Q17411489,1950,0,,Central Java,Tegal,Java,F
Suswono,228419,Q5247112,1959,0,Islam,Central Java,Tegal,Java,F
Sutanto,33980,Q7649900,1950,0,Islam,Central Java,Pemalang,Java,F
Sutarman,745172,Q12518235,1957,0,Islam,Central Java,Sukoharjo,Java,F
Syarief Hasan,446245,Q12518358,1949,0,Islam,South Sulawesi,Palopo,Sulawesi,F
Tifatul Sembiring,30784,Q4250974,1961,0,Islam,West Sumatra,Bukittinggi,Sumatra,F
Timur Pradopo,605594,Q4209594,1956,0,Islam,East Java,Jombang,Java,F
Triyono Wibowo,710534,Q17411670,1952,0,,East Java,Kediri,Java,F
Wardana,808432,Q12524096,0,0,Islam,Central Java,Klaten,Java,F
Widjajono Partowidagdo,896779,Q17411672,1951,2012,Islam,Central Java,Magelang,Java,F
Wiendu Nuryanti,810076,Q12524514,1959,0,Protestant,Yogyakarta,Yogyakarta,Java,F
Zulkifli Hasan,445732,Q4260406,1962,0,Islam,Lampung,South Lampung,Sumatra,F
Abdul Rahman Saleh (jaksa),12829,Q4665652,1941,0,Islam,Central Java,Pekalongan,Java,F
Aburizal Bakrie,6861,Q336042,1946,0,Islam,Jakarta,,Greater Jakarta,F
Adhyaksa Dault,7746,Q4682572,1963,0,Islam,Central Sulawesi,Donggala,Sulawesi,F
Alwi Shihab,28416,Q2840640,1946,0,Islam,South Sulawesi,Sidenreng Rappang,Sulawesi,F
Andung A. Nitimiharja,50369,Q12472069,1950,2009,Islam,West Java,Bandung,Java,F
Anton Apriantono,7743,Q4775650,1959,0,Islam,Banten,Serang,Java,F
Bambang Sudibyo,7327,Q11120678,1952,0,Islam,Central Java,Temanggung,Java,F
Da'i Bachtiar,33990,Q5207158,1950,0,Islam,West Java,Indramayu,Java,F
Endriartono Sutarto,43645,Q5361867,1947,0,Islam,Central Java,Purworejo,Java,F
Erman Soeparno,35470,Q11066107,1950,0,Islam,Central Java,Purworejo,Java,F
Fahmi Idris,35456,Q5429568,1943,2022,Islam,Jakarta,,Greater Jakarta,F
Hamid Awaluddin,50275,Q4055319,1960,0,Islam,South Sulawesi,Parepare,Sulawesi,F
Jusman Syafii Djamal,184443,Q4264908,1954,0,Islam,Aceh,Langsa,Sumatra,F
Jusuf Anwar,6860,Q11213140,1941,2015,Islam,West Java,Tasikmalaya,Java,F
Juwono Sudarsono,7152,Q3107476,1942,0,,West Java,Ciamis,Java,F
Kusmayanto Kadiman,6909,Q12493040,1954,0,Islam,West Java,Bandung,Java,F
M. Ma'ruf,33130,Q11042774,1942,2017,Islam,Central Java,Tegal,Java,F
MS Kaban,6859,Q12495710,1958,0,Islam,North Sumatra,Binjai,Sumatra,F
Mardiyanto,107843,Q3502316,1947,0,,Central Java,Surakarta,Java,F
Meuthia Hatta Swasono,35409,Q11081076,1947,0,Islam,Yogyakarta,Yogyakarta,Java,F
Mohammad Andi Mattalatta,184216,Q12498756,1952,0,Islam,South Sulawesi,Bone,Sulawesi,F
Mohammad Lukman Edy,184522,Q12499367,1970,0,Islam,Riau,Indragiri Hilir,Sumatra,F
Muhammad Maftuh Basyuni,50280,Q13095210,1939,2016,Islam,Central Java,Rembang,Java,F
Muhammad Yusuf Asy'ari,205279,Q12499394,1945,2019,Islam,Central Java,Magelang,Java,F
Paskah Suzetta,35416,Q11080357,1953,0,Islam,West Java,Bandung,Java,F
Rachmat Witoelar,50284,Q7279546,1941,0,Islam,West Java,Tasikmalaya,Java,F
Saifullah Yusuf,50286,Q12511505,1964,0,Islam,East Java,Pasuruan,Java,F
Siti Fadilah,30145,Q3118591,1949,0,Islam,Central Java,Surakarta,Java,F
Soegiharto,6857,Q17411404,1955,2021,Islam,North Sumatra,Medan,Sumatra,F
Sofyan Djalil,6839,Q12515797,1953,0,Islam,Aceh,East Aceh,Sumatra,F
Taufik Effendy,50285,Q13097776,1941,0,Islam,South Kalimantan,Central Hulu Sungai,Kalimantan,F
Widodo A. S.,35460,Q4902218,1944,0,Islam,Central Java,Boyolali,Java,F
Abdul Halim Iskandar,2945696,Q72061441,1962,0,Islam,East Java,Jombang,Java,F
Abdullah Azwar Anas,1153473,Q16162595,1973,0,Islam,East Java,Banyuwangi,Java,F
Afriansyah Noor,3636803,Q108889808,1972,0,Islam,Jambi,Jambi,Sumatra,F
Agus Gumiwang Kartasasmita,463702,Q12470931,1969,0,Islam,Jakarta,,Greater Jakarta,F
Agus Suparmanto,2945703,Q72087658,1965,0,Islam,Jakarta,,Greater Jakarta,F
Airlangga Hartarto,38712,Q12471140,1962,0,Islam,East Java,Surabaya,Java,F
Alue Dohong,2946972,Q63565316,1966,0,,Central Kalimantan,East Kotawaringin,Kalimantan,F
Andika Perkasa,1612752,Q18421241,1964,0,Islam,West Java,Bandung,Java,F
Angela Tanoesoedibjo,2850761,Q72242032,1987,0,Protestant,Canada,,,T
Ari Dono Sukmanto,2902609,Q16167882,1961,0,Islam,West Java,Bogor,Java,F
Arifin Tasrif,1104666,Q12472460,1953,0,,Jakarta,,Greater Jakarta,F
Arminsyah,2099435,Q92710196,1960,2020,Islam,West Sumatra,Padang,Sumatra,F
Bahlil Lahadalia,2831891,Q65204620,1976,0,Islam,Maluku,Central Maluku,Maluku and Papua,F
Basuki Hadimuljono,1636176,Q18421298,1954,0,Islam,Central Java,Surakarta,Java,F
Budi Arie Setiadi,2584604,Q56416296,1969,0,Protestant,Jakarta,,Greater Jakarta,F
Budi Gunadi Sadikin,2946975,Q85989277,1964,0,,West Java,Bandung,Java,F
Budi Gunawan,1084052,Q12477379,1959,0,,Central Java,Surakarta,Java,F
Budi Karya Sumadi,2097889,Q28723650,1956,0,Islam,South Sumatra,Palembang,Sumatra,F
Dante Saksono Harbuwono,2727493,Q102147956,1973,0,Islam,Central Java,Temanggung,Java,F
Dito Ariotedjo,2800319,Q65208154,1990,0,Islam,Jakarta,,Greater Jakarta,F
Edhy Prabowo,1632906,Q72086432,1972,0,Islam,South Sumatra,Muara Enim,Sumatra,F
Edward Omar Sharif Hiariej,2462739,Q49248421,1973,0,Islam,Maluku,Ambon,Maluku and Papua,F
Erick Thohir,763764,Q5388188,1970,0,Islam,Jakarta,,Greater Jakarta,F
Gibran Rakabuming,1822378,Q18342893,1987,0,Islam,Central Java,Surakarta,Java,F
Hadi Tjahjanto,2062987,Q25469937,1963,0,Islam,East Java,Malang,Java,F
Harvick Hasnul Qolbi,3194421,Q109563840,1974,0,Islam,Jakarta,,Greater Jakarta,F
I Gusti Ayu Bintang Darmawati,2945682,Q72117992,1968,0,Hindu,Bali,Denpasar,Bali-Nusra,F
Ida Fauziyah,1415709,Q17410595,1969,0,Islam,East Java,Mojokerto,Java,F
Idham Azis,1084064,Q12486250,1963,0,Islam,Sulawesi Tenggara,Kendari,Sulawesi,F
Iriana,1525963,Q17410605,1963,0,Islam,Central Java,Surakarta,Java,F
Jerry Sambuaga,2677828,Q65212605,1985,0,Protestant,Jakarta,,Greater Jakarta,F
John Wempi Wetipo,1863578,Q25465726,1972,0,Protestant,Papua,Jayawijaya,Maluku and Papua,F
Johnny G. Plate,2945691,Q72119052,1956,0,Catholic,East Nusa Tenggara,Manggarai,Bali-Nusra,F
Juliari Batubara,2945264,Q72061436,1972,0,Protestant,Jakarta,,Greater Jakarta,F
Kaesang Pangarep,1635342,Q18342896,1994,0,Islam,Central Java,Surakarta,Java,F
Kahiyang Ayu,1635879,Q18342895,1991,0,Islam,Central Java,Surakarta,Java,F
Karier Joko Widodo sebagai Gubernur DKI Jakarta,1642667,Q19745980,1961,0,Islam,Central Java,Surakarta,Java,F
Karier Joko Widodo sebagai Wali Kota Surakarta,1642821,Q19745981,1961,0,Islam,Central Java,Surakarta,Java,F
Kartika Wirjoatmodjo,2946962,Q85992025,1973,0,Islam,East Java,Surabaya,Java,F
Laksana Tri Handoko,247920,Q16179761,1968,0,Islam,East Java,Malang,Java,F
Listyo Sigit Prabowo,2132518,Q28723955,1969,0,Protestant,Maluku,Ambon,Maluku and Papua,F
Luhut Binsar Panjaitan,51840,Q14917375,1947,0,Protestant,North Sumatra,North Tapanuli ,Sumatra,F
Mahfud MD,52480,Q6892160,1957,0,Islam,East Java,Sampang,Java,F
Muhadjir Effendy,2097893,Q26236935,1956,0,Islam,East Java,Madiun,Java,F
Muhammad Herindra,1166963,Q16180843,1964,0,Islam,Central Java,Magelang,Java,F
Nadiem Makarim,1847137,Q25464675,1984,0,Islam,Singapore,,,T
Nezar Patria,3000613,Q85993228,1970,0,,Aceh,Pidie,Sumatra,F
Pahala Mansury,2975481,Q85993402,1971,0,Islam,West Java,Bogor,Java,F
Paiman Raharjo,3979347,Q120907654,1967,0,Islam,Central Java,Klaten,Java,F
Prabowo Subianto,281001,Q2107268,1951,0,Islam,Jakarta,,Greater Jakarta,F
Pramono Anung,441016,Q12506342,1963,0,Islam,East Java,Kediri,Java,F
Pratikno,894577,Q12506406,1962,0,Islam,East Java,Bojonegoro,Java,F
Raja Juli Antoni,1840788,Q25464379,1977,0,Islam,Riau,Pekanbaru,Sumatra,F
Retno Marsudi,1635911,Q18342668,1962,0,Islam,Central Java,Semarang,Java,F
Rosan Roeslani,1843560,Q25464528,1968,0,Islam,Jakarta,,Greater Jakarta,F
ST Burhanuddin,2945966,Q83236699,1954,0,Islam,West Java,Cirebon,Java,F
Saiful Rahmat Dasuki,3979340,Q121237544,1971,0,Islam,Jakarta,South Jakarta,Greater Jakarta,F
Sakti Wahyu Trenggono,2946977,Q73854259,1962,0,Islam,Central Java,Semarang,Java,F
Sandiaga Uno,526618,Q7416335,1969,0,Islam,Riau,Pekanbaru,Sumatra,F
Siti Nurbaya Bakar,1636140,Q18421248,1956,0,Islam,Jakarta,,Greater Jakarta,F
Suahasil Nazara,2946974,Q77195503,1970,0,,Jakarta,,Greater Jakarta,F
Surya Tjandra,2946964,Q72252049,1971,0,Catholic,Jakarta,,Greater Jakarta,F
Syahrul Yasin Limpo,236805,Q10860301,1955,0,Islam,South Sulawesi,Makassar,Sulawesi,F
Terawan Agus Putranto,2945676,Q72040942,1964,0,Protestant,Yogyakarta,Yogyakarta,Java,F
Teten Masduki,374892,Q12521107,1963,0,Islam,West Java,Garut,Java,F
Tito Karnavian,576832,Q12521705,1964,0,Islam,South Sumatra,Palembang,Sumatra,F
Tjahjo Kumolo,524289,Q12521725,1957,2022,Islam,Central Java,Surakarta,Java,F
Wishnutama,1105619,Q12524647,1970,0,Islam,Papua,Jayapura,Maluku and Papua,F
Yaqut Cholil Qoumas,2479500,Q56391957,1975,0,Islam,Central Java,Rembang,Java,F
Yasonna Laoly,344417,Q12525045,1953,0,Protestant,North Sumatra,Central Tapanuli ,Sumatra,F
Yudo Margono,2466405,Q49252573,1965,0,Islam,East Java,Madiun,Java,F
Zainudin Amali,2945313,Q72061950,1962,0,Islam,Gorontalo,Gorontalo,Sulawesi,F
Zainut Tauhid Sa'adi,1395314,Q17411758,1963,0,Islam,Central Java,Jepara,Java,F
Abdurrahman Mohammad Fachir,279736,Q4119908,1957,0,Islam,West Java,Banjar,Java,F
Amran Sulaiman,1636128,Q19752868,1968,0,Islam,South Sulawesi,Bone,Sulawesi,F
Anak Agung Gede Ngurah Puspayoga,1125648,Q16166804,1965,0,Hindu,Bali,Denpasar,Bali-Nusra,F
Andhi Nirwanto,1408860,Q16167014,1956,0,Islam,Central Java,Kudus,Java,F
Andi Widjajanto,1638181,Q19745525,1971,0,Protestant,Jakarta,,Greater Jakarta,F
Andrinof Chaniago,943609,Q17410461,1962,0,Islam,West Sumatra,Padang,Sumatra,F
Anies Baswedan,202847,Q4263230,1969,0,Islam,West Java,Kuningan,Java,F
Arcandra Tahar,2097887,Q26236894,1970,0,Islam,West Sumatra,Padang,Sumatra,F
Arief Yahya,1132876,Q17410392,1961,0,Islam,East Java,Banyuwangi,Java,F
Asman Abnur,1033395,Q12472657,1961,0,Islam,West Sumatra,Padang Pariaman,Sumatra,F
Badrodin Haiti,675521,Q12473234,1958,0,Islam,East Java,Jember,Java,F
Darmin Nasution,445443,Q4261409,1948,0,Islam,North Sumatra,Mandailing Natal,Sumatra,F
Eko Putro Sandjojo,2097891,Q28723651,1965,0,Islam,Jakarta,,Greater Jakarta,F
Enggartiasto Lukita,1727228,Q19943079,1951,0,Protestant,West Java,Cirebon,Java,F
Ferry Mursyidan Baldan,222909,Q12482887,1961,2022,Islam,Jakarta,,Greater Jakarta,F
Franky Sibarani,1653081,Q19745824,0,0,Catholic,West Java,Bandung,Java,F
Gatot Nurmantyo,981241,Q12483575,1960,0,Islam,Central Java,Tegal,Java,F
Hanif Dhakiri,1395342,Q17410774,1972,0,Islam,Central Java,Semarang,Java,F
Idrus Marham,1506509,Q16773556,1962,0,Islam,South Sulawesi,Pinrang,Sulawesi,F
Ignasius Jonan,1076023,Q16182287,1963,0,Catholic,Singapore,,,T
Imam Nahrawi,1636084,Q18342562,1973,0,Islam,Bangka Belitung,Bangka,Sumatra,F
Indroyono Soesilo,1636181,Q18421427,1955,0,Islam,West Java,Bandung,Java,F
Khofifah Indar Parawansa,51832,Q12491600,1965,0,Islam,East Java,Surabaya,Java,F
Mardiasmo,1636493,Q19728875,1958,0,,Central Java,Surakarta,Java,F
Marwan Ja'far,1173934,Q17410695,1971,0,Islam,Central Java,Pati,Java,F
Mohamad Nasir,1636210,Q18421366,1960,0,Islam,East Java,Ngawi,Java,F
Muhammad Prasetyo,1643576,Q19747237,1947,0,Islam,East Java,Tuban,Java,F
Rachmad Gobel,343732,Q12507596,1962,0,Islam,Jakarta,,Greater Jakarta,F
Rizal Ramli,52481,Q12508773,1954,0,Islam,West Sumatra,Padang,Sumatra,F
Rudiantara,1636197,Q18421404,1959,0,Islam,West Java,Bogor,Java,F
Ryamizard Ryacudu,74312,Q7419814,1950,0,Islam,South Sumatra,Palembang,Sumatra,F
Saleh Husin,1636075,Q19745898,1963,0,Islam,East Nusa Tenggara,Rote Ndao,Bali-Nusra,F
Sudirman Said,1635780,Q18421410,1963,0,,Central Java,Brebes,Java,F
Susi Pudjiastuti,1126453,Q17411488,1965,0,Islam,West Java,Pangandaran,Java,F
Sutiyoso,43160,Q7650060,1944,0,Islam,Central Java,Semarang,Java,F
Syafruddin (polisi),2969366,Q85994840,1961,0,Islam,West Sulawesi,Majene,Sulawesi,F
Tedjo Edhy Purdijatno,294536,Q12520259,1952,0,Islam,Central Java,Magelang,Java,F
Thomas Trikasih Lembong,1805801,Q25462546,1971,0,Catholic,Jakarta,,Greater Jakarta,F
Triawan Munaf,1638790,Q19749051,1958,0,Islam,West Java,Bandung,Java,F
Wiranto,12885,Q731740,1947,0,Islam,Yogyakarta,Yogyakarta,Java,F
Yohana Yembise,1636206,Q18421480,1958,0,Protestant,West Papua,Manokwari,Maluku and Papua,F
Yuddy Chrisnandi,1636202,Q18421258,1968,0,Islam,West Java,Bandung,Java,F
Yudi Latief,1603162,Q18421326,1964,0,Islam,West Java,Sukabumi,Java,F
Djatikoesoemo,7099,Q11201468,1917,1992,Islam,Central Java,Surakarta,Java,F
Gatot Taroenamihardja,41434,Q5527489,1901,1971,,West Java,Sukabumi,Java,F
Saharjo,11442,Q7399523,1909,1963,Islam,Central Java,Surakarta,Java,F
Soekanto Tjokrodiatmodjo,33991,Q7399919,1908,1993,Confucian,West Java,Bogor,Java,F
R. Kadaroesman,41431,Q12507528,0,1992,,,,,F
Bahder Djohan,346329,Q4842524,1902,1981,Islam,West Sumatra,Padang,Sumatra,F
Fredericus Soetrisno Harjadi,2843761,Q65017720,1899,1969,Catholic,Yogyakarta,,Java,F
Herman Johannes,30750,Q12485593,1912,1992,Protestant,East Nusa Tenggara,Rote Ndao,Bali-Nusra,F
Melkias Agustinus Pellaupessy,2895272,Q67205773,1906,0,Catholic,Maluku,Central Maluku,Maluku and Papua,F
Wahid Hasjim,11474,Q981398,1914,1953,Islam,East Java,Jombang,Java,F
Alamsyah Ratu Perwiranegara,72031,Q12471383,1925,1998,Islam,Lampung,North Lampung,Sumatra,F
Ali Wardhana,282137,Q13091528,1928,2015,Islam,Central Java,Surakarta,Java,F
Amir Machmud,54376,Q4252072,1923,1995,Islam,West Java,Cimahi,Java,F
Boediardjo,344685,Q4937086,1921,1997,Islam,Central Java,Magelang,Java,F
Emil Salim,128797,Q4187311,1930,0,Islam,South Sumatra,Lahat,Sumatra,F
Maraden Panggabean,50965,Q4343894,1922,2000,Protestant,North Sumatra,North Tapanuli ,Sumatra,F
Mohammad Sadli,249530,Q1297966,1922,2008,Islam,West Java,Sumedang,Java,F
Mohammad Syafa'at Mintaredja,1608155,Q18421350,1921,1984,Islam,West Java,Bogor,Java,F
Mukti Ali,109986,Q12499431,1923,2004,Islam,Central Java,Blora,Java,F
Soedharmono,11437,Q76317,1927,2006,Islam,East Java,Gresik,Java,F
Soemitro,79379,Q7637162,1927,1998,,East Java,Probolinggo,Java,F
Subroto,129010,Q7631933,1923,2022,Islam,Central Java,Surakarta,Java,F
Sunawar Sukowati,1841067,Q24284586,1922,1986,,Central Java,Surakarta,Java,F
Widjojo Nitisastro,282135,Q4261785,1927,2012,Islam,East Java,Malang,Java,F
Ali Said,41425,Q12471492,1927,1996,Islam,Central Java,Magelang,Java,F
J.B. Sumarlin,55510,Q11213335,1932,2020,Catholic,East Java,Blitar,Java,F
Mochtar Kusumaatmadja,71992,Q4200159,1929,2021,Islam,Jakarta,,Greater Jakarta,F
Rachmat Saleh,347084,Q12507599,1930,2018,Islam,East Java,Surabaya,Java,F
Soedomo,79268,Q12516527,1926,2012,Islam,East Java,Malang,Java,F
Tanaka Kakuei,419797,Q297644,1918,1993,,Japan,,,T
A.R. Soehoed,416222,Q12470435,1920,2014,Islam,Jakarta,,Greater Jakarta,F
Abdul Gafur (politikus),201518,Q12470547,1939,2020,Islam,North Maluku,Central Halmahera,Maluku and Papua,F
Achmad Affandi,2943569,Q85988394,1927,1990,Islam,West Java,Cirebon,Java,F
Ali Moertopo,30751,Q468481,1924,1984,Islam,Central Java,Blora,Java,F
B. J. Habibie,5779,Q76156,1936,2019,Islam,South Sulawesi,Parepare,Sulawesi,F
Bustanil Arifin,72040,Q5002099,1925,2011,Islam,West Sumatra,Padang,Sumatra,F
Cosmas Batubara,71922,Q5173975,1938,2019,Catholic,North Sumatra,Simalungun,Sumatra,F
Daoed Joesoef,76668,Q12480882,1926,2018,Islam,North Sumatra,Medan,Sumatra,F
Harun Al-Rasjid Zain,247135,Q12485364,1927,2014,Islam,Jakarta,,Greater Jakarta,F
Ismail Saleh,41424,Q6084865,1926,2008,Islam,Central Java,Pati,Java,F
Lasiyah Soetanto,346988,Q12494020,1924,1987,,Yogyakarta,Bantul,Java,F
Martono,416260,Q13520165,1925,1992,Islam,Central Java,Karanganyar,Java,F
Moedjono,416315,Q12499315,1927,1984,Islam,East Java,Jember,Java,F
Purnomosidi Hadjisarosa,404369,Q17410552,1934,0,,Central Java,Karanganyar,Java,F
Sapardjo,2651798,Q56400151,1924,2001,,Yogyakarta,Yogyakarta,Java,F
Soedarsono Hadisapoetro,416305,Q7553479,1921,1988,,Central Java,Surakarta,Java,F
Surono Reksodimedjo,342365,Q12518151,1923,2010,,Central Java,Banyumas,Java,F
Suwardjono Surjaningrat,346167,Q12518256,1923,2012,,Central Java,Grobogan,Java,F
Achmad Tahir,66326,Q12470654,1924,2002,Islam,North Sumatra,Asahan,Sumatra,F
Arifin M Siregar,51718,Q12472462,1934,2019,Islam,North Sumatra,Medan,Sumatra,F
Fuad Hassan (politikus),238989,Q699041,1929,2007,Islam,Central Java,Semarang,Java,F
Ginandjar Kartasasmita,12880,Q5562954,1941,0,Islam,West Java,Bandung,Java,F
Hari Suharto,41423,Q12485295,1924,0,Islam,Yogyakarta,Yogyakarta,Java,F
Harmoko,19823,Q2092123,1939,2021,Islam,Central Java,Pati,Java,F
Hartarto Sastrosoenarto,91066,Q12485357,1932,2017,Islam,Central Java,Klaten,Java,F
Hasjrul Harahap,346155,Q12485409,1931,2014,Islam,North Sumatra,Pematangsiantar,Sumatra,F
J.H. Hutasoit,2628872,Q31173751,1925,1996,Protestant,North Sumatra,,Sumatra,F
L.B. Moerdani,51169,Q402998,1932,2004,Catholic,Central Java,Blora,Java,F
Moerdiono,251193,Q13095146,1934,2011,Islam,East Java,Banyuwangi,Java,F
Munawir Sjadzali,109982,Q12499521,1925,2004,Islam,Central Java,Klaten,Java,F
Nani Soedarsono,349418,Q12500067,1928,2019,,Central Java,Grobogan,Java,F
Nugroho Notosusanto,229463,Q2165337,1930,1985,Islam,Central Java,Rembang,Java,F
Poniman,89280,Q12506187,1926,2010,Islam,Central Java,Sukoharjo,Java,F
Saleh Afiff,24500,Q14917452,1930,2005,Islam,West Java,Cirebon,Java,F
Soepardjo Roestam,54375,Q12515771,1926,1993,Islam,Central Java,Banyumas,Java,F
Sulasikin Murpratomo,346989,Q12517288,1927,2019,Islam,Jakarta,,Greater Jakarta,F
Suyono Sosrodarsono,3174848,Q109430737,1926,2019,Islam,East Java,Madiun,Java,F
Try Sutrisno,6339,Q76333,1935,0,Islam,East Java,Surabaya,Java,F
Umar Wirahadikusumah,12874,Q76306,1924,2003,Islam,West Java,Sumedang,Java,F
Wardojo,416317,Q14015234,1933,2008,Islam,Central Java,Klaten,Java,F
Adhyatma,2639718,Q56399770,1932,1999,,Central Java,Semarang,Java,F
Adrianus Mooy,63711,Q12470772,1936,0,Catholic,East Nusa Tenggara,Rote Ndao,Bali-Nusra,F
Akbar Tanjung,10995,Q2581168,1945,0,Islam,North Sumatra,Central Tapanuli ,Sumatra,F
Ali Alatas,12883,Q957483,1932,2008,Islam,Jakarta,,Greater Jakarta,F
Azwar Anas,180725,Q4833142,1933,2023,Islam,West Sumatra,Padang,Sumatra,F
Bernardus Sugiarta Muljana,2640434,Q56399783,1931,2014,Catholic,Yogyakarta,Yogyakarta,Java,F
Edi Sudradjat,51172,Q1284477,1938,2006,Islam,Jambi,Jambi,Sumatra,F
Haryati Soebadio,416298,Q12485375,1928,2007,Islam,Jakarta,,Greater Jakarta,F
Nasrudin Sumintapura,2640333,Q56399775,1938,2011,Islam,Jakarta,,Greater Jakarta,F
Radinal Mochtar,418139,Q12507648,1930,2000,,East Java,Surabaya,Java,F
Rudini,40616,Q12508994,1929,2006,Islam,East Java,Malang,Java,F
Saadillah Mursjid,26854,Q12511367,1937,2005,Islam,South Kalimantan,Central Hulu Sungai,Kalimantan,F
Sarwono Kusumaatmadja,51834,Q13096807,1943,2023,Islam,Jakarta,,Greater Jakarta,F
Siswono Yudo Husodo,18188,Q13097173,1943,0,,East Kalimantan,West Kutai,Kalimantan,F
Sjarifuddin Baharsjah,1010727,Q12515630,1932,2021,Islam,West Java,Cirebon,Java,F
Soedradjad Djiwandono,347099,Q6107118,1938,0,,Yogyakarta,Yogyakarta,Java,F
Soegiarto,34047,Q25453071,1936,0,Islam,Central Java,Kebumen,Java,F
Soesilo Soedarman,43391,Q12515785,1928,1997,Islam,Central Java,Cilacap,Java,F
Sukarton Marmosujono,41422,Q18421344,1937,1990,,Central Java,Tegal,Java,F
Tungki Ariwibowo,79617,Q12522748,1936,2007,Islam,East Java,Malang,Java,F
Abdul Latief (pengusaha),52758,Q4665497,1940,0,Islam,Aceh,Banda Aceh,Sumatra,F
Djamaloedin Soeryohadikoesoemo,1596135,Q18421443,1934,0,Islam,East Java,Lumajang,Java,F
Endang Kusuma Inten Soeweno,2628866,Q56399199,1944,0,Islam,East Java,Tulungagung,Java,F
Feisal Tanjung,51597,Q12482854,1939,2013,Islam,North Sumatra,North Tapanuli ,Sumatra,F
Haryanto Dhanutirto,347119,Q12485374,1939,2012,Islam,Central Java,Banyumas,Java,F
Haryono Suyono,190688,Q12485379,1938,0,,East Java,Pacitan,Java,F
Hayono Isman,425248,Q5687116,1955,0,Islam,Jakarta,,Greater Jakarta,F
Ibrahim Hasan,135528,Q12486201,1935,2007,Islam,Aceh,Pidie,Sumatra,F
Ida Bagus Sudjana,345029,Q12486239,1936,2002,Hindu,Bali,Denpasar,Bali-Nusra,F
Joop Ave,327059,Q12488069,1934,2014,,Yogyakarta,Yogyakarta,Java,F
Mar'ie Muhammad,291954,Q17410790,1939,2016,Islam,East Java,Surabaya,Java,F
Mien Sugandhi,1419958,Q20426628,1934,2020,Islam,Central Java,Magelang,Java,F
Oetojo Oesman,345136,Q12501199,1935,0,Islam,Jakarta,,Greater Jakarta,F
R. Hartono,10424,Q12507527,1941,0,Islam,East Java,Pamekasan,Java,F
Sanyoto Sastrowardoyo,1588371,Q18421417,1936,2017,,Central Java,Banyumas,Java,F
Satrio Budihardjo Joedono,12790,Q12512338,1932,2017,Islam,Bangka Belitung,Bangka,Sumatra,F
Soni Harsono,2355944,Q30604401,1930,2011,Islam,Central Java,Cilacap,Java,F
Subiakto Tjakrawerdaya,346175,Q18421453,1944,2021,Islam,Central Java,Cilacap,Java,F
Sujudi,198420,Q17411455,1930,2007,Islam,West Java,Bogor,Java,F
Syahril Sabirin,347107,Q7659442,1943,0,Islam,West Sumatra,Bukittinggi,Sumatra,F
T.B. Silalahi,112958,Q12518388,1938,2023,Protestant,North Sumatra,Simalungun,Sumatra,F
Tarmizi Taher,109977,Q12520011,1936,2013,Islam,West Sumatra,Padang,Sumatra,F
Wardiman Djojonegoro,346319,Q17410498,1934,0,,East Java,Pamekasan,Java,F
Yogie Suardi Memet,54374,Q12525261,1929,2007,Islam,West Java,Cirebon,Java,F
Ary Mardjono,1059343,Q12472577,1938,2020,,East Java,Madiun,Java,F
Bob Hasan,5953,Q4932722,1931,2020,Islam,Central Java,Semarang,Java,F
Faried Anfasa Moeloek,219370,Q13092954,1944,0,Islam,Lampung,West Lampung,Sumatra,F
Fuad Bawazier,79392,Q12483133,1949,0,Islam,Central Java,Tegal,Java,F
Giri Suseno Hadihardjono,220438,Q12484144,1941,2012,,Central Java,Surakarta,Java,F
Justika Baharsjah,1105171,Q12488227,1937,0,,West Java,Cianjur,Java,F
Muhammad Alwi Dahlan,51621,Q12499338,1933,0,Islam,West Sumatra,Padang,Sumatra,F
Muhammad Quraish Shihab,28417,Q55238732,1944,0,Islam,South Sulawesi,Sidenreng Rappang,Sulawesi,F
Muladi,129977,Q49250207,1943,2020,Islam,Central Java,Surakarta,Java,F
Rahardi Ramelan,220437,Q12507683,1939,0,Islam,West Java,Sukabumi,Java,F
Soedjono C. Atmonegoro,41436,Q12515749,1940,2019,Islam,East Java,Sumenep,Java,F
Sumahadi,1588377,Q18421437,1943,2019,Islam,Central Java,Pekalongan,Java,F
Tanri Abeng,12782,Q13097746,1942,0,Islam,South Sulawesi,Kepulauan Selayar,Sulawesi,F
Theo L. Sambuaga,220445,Q17411225,1949,0,Protestant,North Sulawesi,Manado,Sulawesi,F
Tuty Alawiyah,12779,Q12522830,1942,2016,Islam,Jakarta,,Greater Jakarta,F
Wiranto Arismunandar,209292,Q12524623,1933,2021,Islam,Central Java,Semarang,Java,F
Abdurrahman Wahid,5446,Q76167,1940,2009,Islam,East Java,Jombang,Java,F
Al Hilal Hamdi,1039424,Q12471353,1954,0,Islam,Central Java,Cilacap,Java,F
Alexander Sonny Keraf,51825,Q12471454,1958,0,Catholic,East Nusa Tenggara,East Flores,Bali-Nusra,F
Alirahman,188299,Q12471513,1945,2016,Islam,Lampung,Tulang Bawang,Sumatra,F
Alissa Qotrunnada,2958668,Q64824748,1973,0,Islam,East Java,Jombang,Java,F
Amien Rais,6069,Q2202270,1944,0,Islam,Central Java,Surakarta,Java,F
Baharuddin Lopa,41442,Q4842491,1935,2001,Islam,West Sulawesi,Polewali Mandar,Sulawesi,F
Basri Hasanuddin,129258,Q12474898,1939,0,Islam,West Sulawesi,Polewali Mandar,Sulawesi,F
Bomer Pasaribu,51679,Q12476886,1942,0,Islam,North Sumatra,South Tapanuli ,Sumatra,F
Bondan Gunawan,1171535,Q14262152,1948,2019,Islam,Yogyakarta,Yogyakarta,Java,F
Budhi Muliawan Suyitno,2795254,Q61118263,1953,0,Islam,Central Java,Kebumen,Java,F
Burhanuddin Abdullah,10460,Q12478007,1947,0,Islam,West Java,Garut,Java,F
Djohan Effendi,590491,Q11196055,1939,2017,,South Kalimantan,South Hulu Sungai,Kalimantan,F
Erna Witoelar,51838,Q12482565,1947,0,Islam,South Sulawesi,Wajo,Sulawesi,F
Hasballah M. Saad,131227,Q5678668,1948,2011,Islam,Aceh,Pidie,Sumatra,F
Hidayat Jaelani,188302,Q12485643,1942,0,Islam,West Java,Bandung,Java,F
Inayah Wulandari,2947536,Q64824904,1982,0,Islam,,,,F
M. Rozy Munir,131043,Q7375454,1943,2010,Islam,East Java,Mojokerto,Java,F
Mahadi Sinambela,130984,Q12496084,1947,2019,Islam,North Sumatra,Tanjungbalai,Sumatra,F
Marsillam Simanjuntak,41443,Q12497146,1943,0,Protestant,Yogyakarta,Yogyakarta,Java,F
Marzuki Usman,206681,Q12497198,1943,0,Islam,Jambi,Batanghari,Sumatra,F
Muhammad A.S. Hikam,51823,Q16181301,1958,0,Islam,East Java,Tuban,Java,F
Muhammad Tholchah Hasan,52233,Q12499390,1938,2019,Islam,East Java,Tuban,Java,F
Nur Mahmudi Ismail,45397,Q7069993,1961,0,Islam,East Java,Kediri,Java,F
Prijadi Praptosuhardjo,52237,Q17410941,1939,2001,Islam,Central Java,Klaten,Java,F
Rozik Boedioro Soetjipto,188296,Q12508963,1943,0,,Central Java,Karanganyar,Java,F
Ryaas Rasyid,51831,Q12509222,1949,0,Islam,South Sulawesi,Gowa,Sulawesi,F
Sinta Nuriyah,210642,Q4264061,1948,0,Islam,East Java,Jombang,Java,F
Soerjadi Soedirdja,51603,Q13097203,1938,2021,Islam,Jakarta,,Greater Jakarta,F
Yahya Muhaimin,52235,Q4250945,1943,2022,Islam,Central Java,Brebes,Java,F
Yenny Wahid,152413,Q3572174,1974,0,Islam,East Java,Jombang,Java,F
Zarkasih Nur,129264,Q17410863,1940,0,Islam,Banten,Tangerang,Java,F
Achmad Soebardjo,49499,Q4250968,1896,1978,Islam,West Java,Karawang,Java,F
Boentaran Martoatmodjo,176069,Q16171106,1896,1979,,Central Java,Purworejo,Java,F
Ki Hadjar Dewantara,7115,Q1815982,1889,1959,Islam,Yogyakarta,Yogyakarta,Java,F
Koesoema Atmadja,7116,Q6492661,1898,1952,,West Java,Purwakarta,Java,F
Mohammad Amir,437234,Q7388337,1900,1949,Islam,West Sumatra,Sawahlunto,Sumatra,F
Oto Iskandar di Nata,7134,Q7108909,1897,1945,Islam,West Java,Bandung,Java,F
Raden Aria Adipati Wiranatakoesoema,49500,Q3569429,1888,1965,Islam,West Java,Bandung,Java,F
Samsi Sastrawidagda,1698236,Q19752694,1894,1963,,Central Java,Surakarta,Java,F
Soepomo,11458,Q4201183,1903,1958,,Central Java,Sukoharjo,Java,F
Soeprijadi,11460,Q7645143,1923,0,,East Java,Trenggalek,Java,F
Soerachman Tjokroadisoerjo,49501,Q12502557,1894,1952,Islam,Central Java,Wonosobo,Java,F
Adi Sasono,220435,Q14932959,1943,2016,Islam,Central Java,Pekalongan,Java,F
Andi Ghalib,41438,Q12472022,1946,2016,Islam,South Sulawesi,Bone,Sulawesi,F
Bambang Subianto,209985,Q12473895,1945,2022,Islam,East Java,Madiun,Java,F
Hasan Basri Durin,344527,Q12485387,1935,2016,Islam,West Sumatra,Tanah Datar,Sumatra,F
Hasri Ainun Besari,473805,Q3294779,1937,2010,Islam,Central Java,Semarang,Java,F
Ida Bagus Oka,403386,Q5986944,1936,2010,Hindu,Bali,,Bali-Nusra,F
Ilham Akbar Habibie,1642094,Q19726132,1963,0,Islam,Germany,,,T
Muhammad Zuhal,220444,Q17411773,1941,2015,Islam,West Java,Cirebon,Java,F
Muslimin Nasution,190707,Q12499712,1939,0,Islam,West Sumatra,Padang,Sumatra,F
Panangian Siregar,188260,Q12502407,1936,2020,Protestant,Riau Islands,Tanjung Pinang,Sumatra,F
Soleh Solahudin,1014261,Q12515831,1944,2014,Islam,West Java,Garut,Java,F
Syarwan Hamid,51616,Q12518364,1943,2021,Islam,Riau,Siak,Sumatra,F
Yunus Yosfiah,51626,Q12499392,1944,0,Islam,South Sulawesi,Sidenreng Rappang,Sulawesi,F
Arnold Mononutu,434076,Q16168178,1896,1983,Protestant,North Sulawesi,Manado,Sulawesi,F
Syarif Hamid II dari Pontianak,126276,Q7636656,1913,1978,Islam,West Kalimantan,Pontianak,Kalimantan,F
Darma Setiawan,3000192,Q85990574,1911,1953,,,,,F
Martinus Putuhena,176163,Q12497163,1901,1982,Catholic,Maluku,Central Maluku,Maluku and Papua,F
Rasjidi,202010,Q12508128,1915,2001,Islam,Yogyakarta,Yogyakarta,Java,F
Soenarjo Kolopaking,1720114,Q19752817,1906,1972,Islam,Central Java,Banjarnegara,Java,F
Soetan Sjahrir,11464,Q2470857,1909,1966,Islam,West Sumatra,Padang,Sumatra,F
Soewandi,82255,Q12515787,1898,1964,Islam,East Java,Ngawi,Java,F
T.S.G. Mulia,346320,Q12521841,1896,1966,Protestant,North Sumatra,South Tapanuli ,Sumatra,F
Muhammad Sjafei,448045,Q12499383,1893,1969,Islam,West Kalimantan,Ketapang,Kalimantan,F
Zainuddin Rasad,1026857,Q12525396,1880,1952,Islam,West Sumatra,Padang Pariaman,Sumatra,F
AR Baswedan,245345,Q4666301,1908,1986,Islam,East Java,Surabaya,Java,F
Abdulmadjid Djojoadiningrat,2702002,Q61119002,1904,1977,Islam,Central Java,Rembang,Java,F
Ernest Douwes Dekker,7080,Q2253449,1879,1950,Islam,East Java,Pasuruan,Java,F
Gunarso,448042,Q12484310,1908,1992,,East Java,Madiun,Java,F
Tan Po Gwan,2485987,Q56392165,1911,1985,Catholic,West Java,Cianjur,Java,F
Mohammad Nasrun,2678507,Q57540093,1907,1968,Islam,West Sumatra,Pasaman,Sumatra,F
R. Mas Sewaka,288217,Q12507530,1895,0,,West Java,Cirebon,Java,F
Suwiryo,290025,Q12518263,1903,1967,,Central Java,Wonogiri,Java,F
Ukar Bratakusumah,346171,Q17410446,1907,2003,Islam,West Java,Bandung,Java,F
Moekarto Notowidigdo,157807,Q12498729,1910,1984,Islam,Central Java,Blora,Java,F
Soemanang,381877,Q19748424,1908,1988,,Yogyakarta,Yogyakarta,Java,F
Oemar Said Tjokroaminoto,120433,Q2603591,1883,1934,Islam,East Java,Madiun,Java,F
Danukromo,3142984,Q109439782,0,1825,,Yogyakarta,Yogyakarta,Java,F
Kurnianingrat,3864409,Q114882718,1919,1993,,West Java,Ciamis,Java,F
Hasan Din,2105872,Q28723699,1905,1974,Islam,West Sumatra,Padang,Sumatra,F
Guntur Soekarnoputra,1608822,Q49247960,1944,0,Islam,Jakarta,,Greater Jakarta,F
Jonathan Ompu Tording Sitohang,3641442,Q112933079,0,0,Protestant,North Sumatra,Dairi,Sumatra,F
Johnny Sitohang,1552815,Q17410631,1956,0,Protestant,North Sumatra,Central Tapanuli ,Sumatra,F
Sudjiatmi,2483501,Q56392103,1943,2020,Islam,Central Java,Boyolali,Java,F
Bobby Nasution,2481216,Q54200649,1991,0,Islam,North Sumatra,Medan,Sumatra,F
Anwar Usman,2050715,Q24261467,1956,0,Islam,West Nusa Tenggara,Bima,Bali-Nusra,F
Nawawi al-Bantani,476384,Q12500204,1813,1897,Islam,Banten,Serang,Java,F
Wury Estu Handayani,2964904,Q85995222,1974,0,Islam,Jakarta,,Greater Jakarta,F
Rahmi Rachim,534481,Q12507601,1926,1999,Islam,West Java,Bandung,Java,F
Gemala Hatta,1899861,Q25467900,1952,0,Islam,Jakarta,,Greater Jakarta,F
Halida Hatta,1103158,Q12485129,1956,0,Islam,Jakarta,,Greater Jakarta,F
Rahadian Yamin,1117690,Q12507680,1937,1979,Islam,Jakarta,,Greater Jakarta,F
Dicky Suprapto,243716,Q12481493,1941,2006,,Central Java,Magelang,Java,F
Kartika Sari Dewi Soekarno,276186,Q15646490,1967,0,,Japan,,,T
Toeti Heraty,803567,Q7812944,1933,2021,Islam,West Java,Bandung,Java,F
Soekemi Sosrodihardjo,1156593,Q19740372,1873,1945,,Central Java,Grobogan,Java,F
Ida Ayu Nyoman Rai,1156591,Q16182136,1881,1958,Hindu,Bali,Buleleng,Bali-Nusra,F
Oetari,82574,Q12515522,1905,1986,,East Java,Ponorogo,Java,F
Inggit Garnasih,727564,Q12486589,1888,1984,,West Java,Bandung,Java,F
Hartini,1122482,Q16180134,1924,2002,,East Java,Ponorogo,Java,F
Kartini Manoppo,1191243,Q16187614,1931,1990,,North Sulawesi,Kotamobagu,Sulawesi,F
Sakiko Kanase,3651235,Q116608620,1934,1959,,Japan,,,T
Haryati,1191231,Q15621517,1940,0,,East Java,Ponorogo,Java,F
Yurike Sanger,1191235,Q15621546,1945,0,,,,,F
Heldy Djafar,1191247,Q16180493,1947,2021,,East Kalimantan,Kutai Kartanegara,Kalimantan,F
Taufan Soekarnoputra,3300120,Q64623726,1955,1986,,West Java,Bogor,Java,F
Mangkunegara IX,587976,Q3335337,1951,2021,Islam,Central Java,Surakarta,Java,F
Paundrakarna,222982,Q12503831,1975,0,Hindu,Jakarta,,Greater Jakarta,F
Dian Sastrowardoyo,10173,Q2746623,1982,0,Islam,Jakarta,,Greater Jakarta,F
Sutan Gunung Tua Harahap,3723535,Q120202885,1840,1916,,North Sumatra,South Tapanuli ,Sumatra,F
Melani Leimena Suharli,2720256,Q60330208,1951,0,Islam,Jakarta,,Greater Jakarta,F
Sayuti Melik,823520,Q7429323,1908,1989,,Yogyakarta,Sleman,Java,F
Koesoemo Oetoyo,1660323,Q20426576,1871,1953,,Central Java,Kebumen,Java,F
Nelly Adam Malik,1010768,Q12500336,1925,2007,Islam,Jakarta,,Greater Jakarta,F
Herawati Diah,1593467,Q5732782,1917,2016,Islam,Bangka Belitung,Belitung,Sumatra,F
Adi Prabawa,2407150,Q49251230,1953,0,Islam,East Java,Malang,Java,F
Indriyanto Seno Adji,1695831,Q19733069,1957,0,Islam,Jakarta,,Greater Jakarta,F
Roesman Noerjadin,1879807,Q25466555,1932,2019,,East Java,Malang,Java,F
Roestriana Adrianti,1879257,Q23005415,0,0,Islam,East Java,,Java,F
Halimah Agustina Kamil,269624,Q16044713,1961,0,Islam,United States,,,T
Mayangsari,260779,Q47748,1971,0,,Central Java,Banyumas,Java,F
Ari Sigit,280330,Q5703870,1970,0,Islam,,,,F
Eno Sigit,306563,Q5832929,1974,0,Islam,,,,F
Didit Hediprasetyo,1580210,Q17410486,1984,0,Islam,Jakarta,,Greater Jakarta,F
Masjchun Sofwan,344546,Q12497248,1927,2015,Islam,East Java,Blitar,Java,F
Indra Qadarsih,1431158,Q19745904,1971,0,Islam,Jakarta,,Greater Jakarta,F
Titi Qadarsih,269321,Q6147502,1945,2018,,East Java,Kediri,Java,F
Siti Danilah Salim,1490810,Q19734409,1897,1989,Islam,Riau Islands,Tanjung Pinang,Sumatra,F
Dora Marie Sigar,1525632,Q17411355,1921,2008,Protestant,North Sulawesi,Manado,Sulawesi,F
Hashim Djojohadikusumo,1101347,Q12485398,1954,0,Protestant,Jakarta,,Greater Jakarta,F
Lanjumin Dt. Tumangguang,1676135,Q19728278,0,0,Islam,West Sumatra,Agam,Sumatra,F
Ami Prijono,87832,Q6056702,1939,2001,,Jakarta,,Greater Jakarta,F
Johana Sunarti Nasution,4172605,Q123474247,1923,2010,,,,,F
Ade Irma Suryani Nasution,43300,Q12470697,1960,1965,,Jakarta,,Greater Jakarta,F
Irianti Erningpraja,909762,Q12486767,1965,0,,Jakarta,,Greater Jakarta,F
Amelia Achmad Yani,1643350,Q19751265,1949,0,Islam,Central Java,Magelang,Java,F
Boy Sadikin,2381767,Q31173523,1955,0,Islam,East Java,Surabaya,Java,F
Abdullah Aidit,3360983,Q108782375,1900,1969,,Bangka Belitung,Belitung,Sumatra,F
Ilham Aidit,2804201,Q65208264,1959,0,,Soviet Union,,,T
Teuku Mohammad Hamzah Thayeb,129167,Q17411575,1952,0,Islam,France,,,T
Iwan Sulandjana,1172348,Q16184069,1951,0,,West Java,Bogor,Java,F
Mimi Mariani,3650692,Q114834397,1928,1971,,East Java,Malang,Java,F
Bimo Setiawan Almachzumi,114915,Q7314466,1966,0,,Jakarta,,Greater Jakarta,F
Rudolf Pardede,28089,Q12508997,1942,2023,Protestant,North Sumatra,North Tapanuli ,Sumatra,F
Likas Tarigan,1635096,Q19728450,1924,2016,Protestant,North Sumatra,Deli Serdang,Sumatra,F
Maskanan,3361349,Q120202074,0,0,,,,,F
Payung Bangun (akademisi),3721418,Q119279354,1932,2014,,North Sumatra,Karo,Sumatra,F
T.B. Simatupang,120997,Q4806383,1920,1990,Protestant,North Sumatra,Dairi,Sumatra,F
Diaz Hendropriyono,1758425,Q20278383,1978,0,Islam,Jakarta,,Greater Jakarta,F
Ladya Cheryl,67067,Q16172449,1981,0,Islam,Jakarta,,Greater Jakarta,F
Muhammad Iqbal (politisi),1083612,Q17410777,1975,0,Islam,North Sumatra,Medan,Sumatra,F
Fuad Amin Imron,1666710,Q19943268,1948,2019,Islam,Bangka Belitung,Bangka,Sumatra,F
Virnie Ismail,176472,Q11317184,1979,0,Islam,West Java,Bandung,Java,F
Wahidin Halim,1433668,Q17411648,1954,0,Islam,Banten,Tangerang,Java,F
Abdul Syukur,3286546,Q109433339,1967,0,Islam,Banten,Tangerang,Java,F
Hanna Gayatri,3367712,Q96989463,1952,0,,South Sumatra,Palembang,Sumatra,F
Iskandar (politikus),3641205,Q120260356,1964,0,Islam,Bangka Belitung,Bangka,Sumatra,F
Achmad Hafisz Tohir,3367690,Q96989460,1966,0,Islam,South Sumatra,Palembang,Sumatra,F
Jajang C. Noer,44427,Q6124331,1952,0,,France,,,T
Mufidah Jusuf Kalla,1010754,Q7804233,1943,0,Islam,North Sumatra,Sibolga,Sumatra,F
Solihin Kalla,1102691,Q7804479,1976,0,Islam,South Sulawesi,Makassar,Sulawesi,F
Chairani Kalla,1788982,Q25461644,1980,0,Islam,South Sulawesi,Makassar,Sulawesi,F
Moreno Soeprapto,66129,Q1279930,1982,0,Islam,Jakarta,,Greater Jakarta,F
Frans Kaisiepo,7085,Q3083011,1921,1979,Protestant,Papua,Biak Numfor,Maluku and Papua,F
Sarwo Edhie Wibowo,180406,Q7424827,1925,1989,Islam,Central Java,Purworejo,Java,F
Pramono Edhie Wibowo,604805,Q7238276,1955,2020,Islam,Central Java,Magelang,Java,F
Hartanto Edhie Wibowo,1121439,Q12485356,1969,0,Islam,Jakarta,,Greater Jakarta,F
Annisa Pohan,70943,Q7806784,1981,0,Islam,United States,,,T
Indrata Nur Bayuaji,3225070,Q109430785,1978,0,Islam,East Java,Pacitan,Java,F
Nazarudin Kiemas,1118964,Q17410844,1949,2019,Islam,Yogyakarta,Yogyakarta,Java,F
Dave Laksono,3360467,Q120202073,1979,0,Islam,Jakarta,,Greater Jakarta,F
Aulia Pohan,142927,Q7807015,1945,0,Islam,South Sumatra,Palembang,Sumatra,F
Andi Rizal Mallarangeng,298969,Q7339075,1964,0,Islam,South Sulawesi,Makassar,Sulawesi,F
Guinandra Jatikusumo,3631454,Q117014649,1992,0,,West Java,Bogor,Java,F
Putri Indahsari Tanjung,2964329,Q85993709,1996,0,Islam,Jakarta,,Greater Jakarta,F
Azrul Ananda,1162656,Q17410415,1977,0,Islam,East Kalimantan,Samarinda,Kalimantan,F
Andika Pandu Puragabaya,2880933,Q85988763,1986,0,,East Java,Malang,Java,F
Ardhya Pratiwi Setiowati,3400784,Q96987556,1988,0,,West Java,Bogor,Java,F
Harley B. Mangindaan,1719118,Q25459745,1975,0,Protestant,Aceh,Banda Aceh,Sumatra,F
Hendardji Soepandji,376504,Q5713108,1952,0,Islam,Central Java,Semarang,Java,F
Budi Susilo Soepandji,766443,Q12477387,1954,0,Islam,Yogyakarta,Yogyakarta,Java,F
Arumi Bachsin,343497,Q12472561,1994,0,Islam,Jakarta,,Greater Jakarta,F
Emil Dardak,1881058,Q21828089,1984,0,Islam,Jakarta,,Greater Jakarta,F
Rooslila Tahir,1172961,Q19731607,1927,2009,Islam,,,,F
Zeke Khaseli,2137575,Q106977528,1977,0,,Taiwan,,,T
Norman Sasono,2515703,Q49254381,1927,1997,Islam,East Java,Malang,Java,F
Dana Iswara,90952,Q12480790,1965,0,Islam,Jakarta,,Greater Jakarta,F
Firdaus Wadjdi,2460006,Q56391300,1942,2018,Islam,West Sumatra,Padang Pariaman,Sumatra,F
Bianca Adinegoro,1101580,Q12476121,1971,0,Islam,,,,F
Ben Mboi,416291,Q12475663,1935,2015,,East Nusa Tenggara,Manggarai,Bali-Nusra,F
Abdul Moeloek,1676087,Q19737572,1905,1973,Islam,West Sumatra,Padang,Sumatra,F
Nukman Moeloek,1777762,Q20741994,1945,2012,Islam,Lampung,West Lampung,Sumatra,F
Maroef Sjamsoeddin,1684892,Q19739210,1956,0,Islam,South Sulawesi,Makassar,Sulawesi,F
Nurhayati Effendi,3243163,Q96989175,1969,0,Islam,West Java,Tasikmalaya,Java,F
Inggrid Kansil,176003,Q16187552,1974,0,Islam,West Java,Cianjur,Java,F
Zainudin Hasan,1879941,Q25466566,1965,0,Islam,Lampung,South Lampung,Sumatra,F
Helmi Hasan,1872342,Q25466119,1979,0,Islam,Lampung,South Lampung,Sumatra,F
Zita Anjani,2168915,Q31173248,1990,0,Islam,Jakarta,,Greater Jakarta,F
Achmad Bakrie,102935,Q12470645,1916,1988,Islam,Lampung,South Lampung,Sumatra,F
Anindya Bakrie,25577,Q12472166,1974,0,Islam,Jakarta,,Greater Jakarta,F
Ardi Bakrie,2641182,Q56416988,1979,0,Islam,Jakarta,,Greater Jakarta,F
Abdurrahman Shihab,2657182,Q55766298,1915,1986,Islam,South Sulawesi,Sidenreng Rappang,Sulawesi,F
Najwa Shihab,197552,Q4273048,1977,0,Islam,South Sulawesi,Makassar,Sulawesi,F
Nina Agustina,3239201,Q106878555,1973,0,Islam,Central Java,Grobogan,Java,F
Adi Vivid Agustiadi Bachtiar,2653841,Q61118258,1977,0,Islam,Central Java,Grobogan,Java,F
Endrarto Sutarto,3489420,Q120202161,1941,2020,Islam,Jakarta,,Greater Jakarta,F
Poempida Hidayatulloh,1083790,Q12505908,1972,0,Islam,West Java,Sukabumi,Java,F
Yeni Fatmawati,3103989,Q97193039,1971,0,,West Java,Bandung,Java,F
Fahira Idris,1014392,Q12482713,1968,0,Islam,Jakarta,,Greater Jakarta,F
Fahrina Fahmi Idris,1072152,Q16176665,1972,0,Islam,Jakarta,,Greater Jakarta,F
Sudarsono Mangoenadikoesoemo,1723295,Q25471319,1911,1976,Islam,Central Java,Salatiga,Java,F
Sri Edi Swasono,263082,Q7585824,1940,0,,East Java,Ngawi,Java,F
Wimar Witoelar,51347,Q12524555,1945,2021,Islam,West Java,Bandung,Java,F
Ipuk Fiestiandani,3232779,Q109438116,1974,0,,Central Java,Magelang,Java,F
Loemongga,241658,Q12495072,1973,0,,West Java,Bandung,Java,F
Ravindra Airlangga,3599771,Q115049138,1991,0,Islam,Jakarta,,Greater Jakarta,F
M. Setyo Sularso,1481081,Q16188456,1959,0,Islam,Central Java,Purworejo,Java,F
Hary Tanoesoedibjo,234797,Q12485373,1965,0,Protestant,East Java,Surabaya,Java,F
Liliana Tanoesoedibjo,769596,Q15272197,1967,0,Protestant,East Java,Surabaya,Java,F
Jessica Tanoesoedibjo,2850788,Q72242117,1994,0,Protestant,Jakarta,,Greater Jakarta,F
Iis Rosita Dewi,3372056,Q96987535,1979,0,Islam,Jakarta,,Greater Jakarta,F
Garibaldi Thohir,1669172,Q19725813,1965,0,,Lampung,Bandar Lampung,Sumatra,F
Selvi Ananda,2481355,Q98969839,1989,0,,Central Java,Surakarta,Java,F
I Gusti Ngurah Jaya Negara,3176316,Q102984055,1966,0,Hindu,Bali,Denpasar,Bali-Nusra,F
Taufiq R. Abdullah,3398396,Q96986931,1963,0,Islam,West Java,Banjar,Java,F
Erina Sofia Gudono,3779299,Q115677770,1996,0,Islam,United States,,,T
Soekardi,3219989,Q105427014,1920,2015,,West Nusa Tenggara,Central Lombok,Bali-Nusra,F
Maruli Simanjuntak,1609453,Q19728927,1970,0,Islam,West Java,Bandung,Java,F
Sjahrir (ekonom),148810,Q7659441,1945,2008,Islam,Central Java,Kudus,Java,F
Paulus Pandjaitan,3901554,Q106462747,1980,0,Protestant,Jakarta,,Greater Jakarta,F
Firman Syah Ali,3709952,Q116784650,1976,0,Islam,East Java,Pamekasan,Java,F
Siti Marwiyah,3877848,Q109720109,1968,0,,East Java,Pamekasan,Java,F
Margono Djojohadikoesoemo,822852,Q19746197,1894,1978,Islam,Central Java,Banyumas,Java,F
Soebianto Djojohadikoesoemo,600098,Q12515742,1924,1946,Islam,Central Java,Kebumen,Java,F
Aryo Djojohadikusumo,2716241,Q59656271,1983,0,Protestant,Jakarta,,Greater Jakarta,F
Rahayu Saraswati,1692919,Q19731920,1986,0,,Central Java,Wonosobo,Java,F
Thomas Djiwandono,2784178,Q65210174,1972,0,Catholic,Jakarta,,Greater Jakarta,F
Budi Djiwandono,2784172,Q65209610,1981,0,Catholic,Jakarta,,Greater Jakarta,F
Hanindhito Himawan Pramana,3241024,Q107564265,1992,0,,Yogyakarta,Yogyakarta,Java,F
Tubagus Hasanuddin,1627994,Q18421463,1952,0,,West Java,Majalengka,Java,F
M. Yasin Limpo,2107784,Q26818531,1924,2009,Islam,South Sulawesi,Gowa,Sulawesi,F
Ichsan Yasin Limpo,1160490,Q16182111,1961,2019,Islam,South Sulawesi,Makassar,Sulawesi,F
Adnan Purichta Ichsan,2692728,Q65212430,1986,0,Islam,Jakarta,,Greater Jakarta,F
Detri Warmanto,1119511,Q12481358,1986,0,,Jakarta,,Greater Jakarta,F
Gista Putri,856134,Q12484218,1987,0,,Jakarta,,Greater Jakarta,F
Cholil Bisri,215547,Q12478642,1942,2004,Islam,Central Java,Rembang,Java,F
Yahya Cholil Staquf,3384668,Q110252319,1966,0,Islam,Central Java,Rembang,Java,F
Andi Sudirman Sulaiman,2468264,Q49252587,1983,0,Islam,South Sulawesi,Bone,Sulawesi,F
Theo Syafei,1088452,Q17411512,1942,2011,Islam,South Sulawesi,Makassar,Sulawesi,F
Aliyah Rasyid,2616677,Q56416545,1940,0,Islam,West Java,Kuningan,Java,F
Novel Baswedan,2431838,Q49251670,1977,0,Islam,Central Java,Semarang,Java,F
Fery Farhati,3025539,Q97221150,1971,0,Islam,West Java,Kuningan,Java,F
Thayeb Mohammad Gobel,343731,Q12521185,1930,1984,Islam,Gorontalo,Bone Bolango,Sulawesi,F
Musannif Ryacudu,1643434,Q19943867,1924,1987,Islam,Lampung,Way Kanan,Sumatra,F
Kunto Arief Wibowo,2709391,Q61119148,1971,0,,East Java,Malang,Java,F
Syamsurya Ryacudu,497285,Q17411159,1955,2018,Islam,South Sumatra,Palembang,Sumatra,F
Firman Santyabudi,1114403,Q16177287,1965,0,Islam,Jakarta,,Greater Jakarta,F
Nadine Kaiser,1642281,Q19727058,1994,0,,West Java,Pangandaran,Java,F
Ready Kambo,3679623,Q120202604,1941,0,Islam,West Sulawesi,Majene,Sulawesi,F
Eddie Lembong,1841059,Q25464398,1936,2017,Catholic,Central Sulawesi,Parigi Moutong,Sulawesi,F
Baskara Mahendra,2901070,Q85989078,1993,0,Islam,Jakarta,,Greater Jakarta,F
Sherina Munaf,14598,Q5262511,1990,0,Islam,West Java,Bandung,Java,F
Pakubuwana X,134236,Q2330098,1866,1939,Islam,Central Java,Surakarta,Java,F
Helmi Johannes,30524,Q12485527,1961,0,Protestant,Yogyakarta,Sleman,Java,F
Lily Wahid,1173524,Q16188244,1948,2022,Islam,East Java,Jombang,Java,F
Hasyim Wahid,2485854,Q56392155,1953,2020,Islam,East Java,Jombang,Java,F
Robertus Sanyoto,3633640,Q115869281,1947,0,Catholic,Central Java,Klaten,Java,F
Kaharudin Datuk Rangkayo Basa,523272,Q12488464,1906,1981,Islam,West Sumatra,Agam,Sumatra,F
Jezzie Setiawan,2866199,Q67203340,1988,0,,Jakarta,,Greater Jakarta,F
Roosdinal Salim,1463262,Q17411117,1966,0,Islam,Jakarta,,Greater Jakarta,F
D.I. Panjaitan,16126,Q4250996,1925,1965,Protestant,North Sumatra,,Sumatra,F
Ruhut Sitompul,249378,Q4262592,1954,0,Protestant,North Sumatra,Simalungun,Sumatra,F
Iskandar Sitompul,1161218,Q16183738,1957,0,Protestant,Aceh,Banda Aceh,Sumatra,F
Ratu Emma Norma,3968878,Q120221744,1928,2012,,West Java,Purwakarta,Java,F
Makiko Tanaka,1600061,Q465217,1944,0,,Japan,,,T
Alwi Abdul Jalil Habibie,1641732,Q19745520,1908,1950,Islam,Gorontalo,Gorontalo,Sulawesi,F
Tuti Marini Puspowardojo,1641726,Q19749103,1911,1990,Islam,Yogyakarta,,Java,F
Alwin Arifin,1152580,Q17998029,1955,0,Islam,West Java,Bandung,Java,F
Emil Arifin,1404713,Q16175997,1959,0,Islam,,,,F
Sutan Muhammad Zain,247138,Q19749281,1886,1962,Islam,West Sumatra,Padang Pariaman,Sumatra,F
Bambang Purwanto,2380216,Q31174747,1964,0,,Central Java,Wonogiri,Java,F
Dali Tahir,1178399,Q16173631,1947,0,Islam,North Sumatra,Pematangsiantar,Sumatra,F
Adi Putra Darmawan Tahir,1071243,Q17410349,1953,0,Islam,West Java,Bandung,Java,F
Ratjih Natawidjaja,3409816,Q120202088,1917,2014,,West Java,Sumedang,Java,F
Sundari Sukoco,144950,Q4023145,1965,0,Islam,Jakarta,,Greater Jakarta,F
Machica Mochtar,388083,Q16188469,1970,0,Islam,South Sulawesi,Wajo,Sulawesi,F
Poppy Dharsono,1163702,Q17410935,1951,0,,West Java,Garut,Java,F
Danang Hadiwibowo,3389083,Q110102784,1966,0,,East Java,Probolinggo,Java,F
Tuti Sutiawati,3343727,Q108483499,1940,0,,West Java,Bandung,Java,F
Agus Wirahadikusumah,440387,Q4694606,1951,2001,,West Java,Bandung,Java,F
Karlinah Djaja Atmadja Wirahadikusumah,1823486,Q25463148,1930,0,Islam,West Java,Bandung,Java,F
Petrus Octavianus,2054091,Q25469734,1928,2014,Protestant,East Nusa Tenggara,Rote Ndao,Bali-Nusra,F
Lulu Lugiyati,2052388,Q25469688,1941,0,Islam,West Java,Kuningan,Java,F
Iman Budiman,2632486,Q56399498,1971,2022,Islam,Jambi,Jambi,Sumatra,F
Soewondo (dokter),3232355,Q109564312,1912,1978,,West Java,Banjar,Java,F
Leila Chairani Budiman,941203,Q12494302,1941,0,Islam,West Java,Majalengka,Java,F
Muhammad Mangundiprojo,1641901,Q19729468,1905,1988,Islam,Central Java,Sragen,Java,F
Himawan Soetanto,1496156,Q17411418,1929,2010,Islam,East Java,Magetan,Java,F
Medina Latief Harjani,1458297,Q17410712,1970,0,Islam,Jakarta,,Greater Jakarta,F
Dipo Latief,1459642,Q16174788,1973,0,Islam,Jakarta,,Greater Jakarta,F
Soeweno,3219507,Q105342433,1929,1998,,East Java,Pacitan,Java,F
Mas Isman,1860392,Q24284592,1924,1982,Islam,East Java,Bondowoso,Java,F
Hayani Isman,1421398,Q16180462,1957,0,Islam,Jakarta,,Greater Jakarta,F
Ida Bagus Purwalaksana,1970514,Q25468361,1964,0,Hindu,West Java,Cimahi,Java,F
Sugandhi Kartosubroto,3026009,Q85909299,1923,1991,,East Java,Blitar,Java,F
Dewi Asmara,3360051,Q123337918,1961,0,Islam,Jakarta,,Greater Jakarta,F
Taher Marah Soetan,1089319,Q12518562,1890,1953,Islam,West Sumatra,Padang,Sumatra,F
Mohamad Hekal,3373745,Q109564145,1976,0,Islam,Jakarta,,Greater Jakarta,F
Umar Shihab,2658279,Q56524376,1939,0,Islam,South Sulawesi,Sidenreng Rappang,Sulawesi,F
Ahmad Nizar Shihab,2657878,Q56511458,1950,0,Islam,South Sulawesi,Makassar,Sulawesi,F
Najelaa Shihab,2621402,Q56416608,1976,0,Islam,South Sulawesi,Makassar,Sulawesi,F
Dailami Firdaus,3598249,Q109541204,1964,0,Islam,Jakarta,,Greater Jakarta,F
Abdul Rozaq Rais,1192422,Q16162485,1946,2023,Islam,Central Java,Surakarta,Java,F
Ridho Rahmadi,3283346,Q107061358,1985,0,Islam,Yogyakarta,Yogyakarta,Java,F
Ahmad Hanafi Rais,1470508,Q16164615,1979,0,Islam,United States,,,T
Hanum Salsabiela Rais,224795,Q7347498,1982,0,Islam,Yogyakarta,Yogyakarta,Java,F
Ahmad Mumtaz Rais,1389324,Q16164694,1983,0,Islam,Yogyakarta,Yogyakarta,Java,F
Panusunan Pasaribu,3198603,Q104597648,1946,2020,Islam,West Sumatra,Padang,Sumatra,F
Syahrul M Pasaribu,1504735,Q17411516,1956,0,Islam,West Sumatra,Padang,Sumatra,F
Gus Irawan Pasaribu,2336287,Q31174037,1964,0,Islam,North Sumatra,South Tapanuli ,Sumatra,F
Dolly Putra Parlindungan Pasaribu,3237180,Q105764924,1980,0,Islam,North Sumatra,Medan,Sumatra,F
Katamso Darmokusumo,7114,Q6375087,1923,1965,Islam,Central Java,Sragen,Java,F
Bondan Kanumoyoso,3639767,Q123190681,1972,0,,East Java,Madiun,Java,F
Putri Ayu Anisya,3006071,Q85993706,1994,0,Islam,Jakarta,,Greater Jakarta,F
Nur Azizah Tamhid,3307672,Q96989129,1954,0,Islam,East Java,Blitar,Java,F
Nia Dinata,20645,Q4201152,1969,0,Islam,Jakarta,,Greater Jakarta,F
Syarifah Nawawi,1015378,Q12518361,1896,1988,Islam,West Sumatra,Bukittinggi,Sumatra,F
Male Wiranatakusumah,1159664,Q19745231,1911,1992,Islam,West Java,Cianjur,Java,F
Achmad Wiranatakusumah,3086499,Q97306748,1925,1999,Islam,West Java,Bandung,Java,F
Mien Soedarpo,1010810,Q12498502,1924,2013,Islam,West Java,Bandung,Java,F
Andi Sinjaya Ghalib,3162239,Q109432685,1981,0,Islam,Jakarta,,Greater Jakarta,F
Mansyurdin Arma,3408248,Q112601366,1931,2002,,West Sumatra,Padang,Sumatra,F
Asnawi Bahar,1128964,Q16168725,1961,0,Islam,North Sumatra,Asahan,Sumatra,F
Endang Agustini Syarwan,1409568,Q16176076,1949,0,Islam,East Java,Malang,Java,F
Ibrahim Marah Soetan,1674899,Q19726460,1872,1954,Islam,West Sumatra,Padang Pariaman,Sumatra,F
Sjahriar Rasad,1408559,Q19734495,1920,1989,Islam,West Sumatra,Padang,Sumatra,F
R.A. Kartini,4538,Q1373764,1879,1904,,Central Java,Jepara,Java,F
Soesalit Djojoadhiningrat,910716,Q17410497,1904,1962,,Central Java,Rembang,Java,F
Sekarmadji Maridjan Kartosoewirjo,87664,Q4198008,1905,1962,Islam,Central Java,Blora,Java,F
Musso,350464,Q1398584,1897,1948,,East Java,Kediri,Java,F
Semaoen,121427,Q4415079,1899,1971,,East Java,Jombang,Java,F
Maia Estianty,116129,Q4349443,1976,0,Islam,East Java,Surabaya,Java,F
Pakubuwono III,274097,Q2099707,1732,1788,Islam,West Nusa Tenggara,Mataram,Bali-Nusra,F
Hamengkubuwono II,8639,Q2509252,1750,1828,Islam,Central Java,Temanggung,Java,F
Sulaeman Sastrawinata,2046021,Q25469543,0,0,Islam,West Java,Purwakarta,Java,F
Puti Guntur Soekarno,676086,Q12507435,1971,0,Islam,Jakarta,,Greater Jakarta,F
Depriwanto Sitohang,3287081,Q109433358,1987,0,Islam,North Sumatra,Dairi,Sumatra,F
Dahlan Hasan Nasution,1830682,Q25463766,1958,0,Islam,North Sumatra,Mandailing Natal,Sumatra,F
Herry Lontung Siregar,979733,Q12485608,1960,0,Islam,North Sumatra,Padang Lawas,Sumatra,F
Suzzanna,223470,Q1755541,1942,2008,,West Java,Bogor,Java,F
Kiki Maria,233523,Q5959589,1962,0,,Central Java,Magelang,Java,F
Raden Hardjodikromo,1603745,Q25456690,1840,1908,,,,,F
Raden Soekarmini,1603748,Q20278495,1898,1984,Islam,Bali,,Bali-Nusra,F
Mangkunegoro VIII,7119,Q2324513,1920,1987,Islam,Central Java,Surakarta,Java,F
Mangkunegara VII,389465,Q2633993,1885,1944,Islam,Central Java,Surakarta,Java,F
Abdullah Kamil,1038563,Q16162613,0,1991,Islam,,,,F
Annisa Trihapsari,142517,Q10956050,1976,0,Islam,Jakarta,,Greater Jakarta,F
Sutan Mohamad Salim,1428753,Q19748683,1851,1934,Islam,West Sumatra,Agam,Sumatra,F
Abdoel Moeis,7057,Q1401053,1886,1959,Islam,West Sumatra,Agam,Sumatra,F
Khailan Syamsu,1171098,Q16172202,1905,1962,Islam,West Sumatra,Bukittinggi,Sumatra,F
Doris Callebaut,226140,Q7328580,1952,0,,Jakarta,,Greater Jakarta,F
Turino Djunaedy,263375,Q16175052,1927,2008,,Aceh,,Sumatra,F
Ali Budiardjo,244989,Q16166008,1913,1999,,Central Java,Karanganyar,Java,F
Abdul Latif Amin Imron,3238553,Q107994307,1982,0,Islam,Jakarta,,Greater Jakarta,F
Nazir Datuk Pamoentjak,1099161,Q12500218,1897,1965,Islam,West Sumatra,Solok,Sumatra,F
Arifin C. Noer,19966,Q4790571,1941,1995,,West Java,Cirebon,Java,F
Nazyra C. Noer,3255861,Q106450297,1979,0,,West Java,Bogor,Java,F
Ananda Mikola,52521,Q485781,1980,0,Islam,Jakarta,,Greater Jakarta,F
Erwin Sudjono,178060,Q16176328,1951,0,,West Java,Bandung,Java,F
Hadi Utomo,1035121,Q16179383,1945,2017,,Central Java,Semarang,Java,F
Danang Prasetyo Wibowo,3855124,Q120203401,1980,0,,West Java,Bandung,Java,F
Giri Ramanda Kiemas,2630721,Q56399362,1980,0,Islam,Jakarta,,Greater Jakarta,F
Otto Djauhari,340437,Q16174926,1972,0,Islam,Jakarta,,Greater Jakarta,F
Nia Ramadhani,206019,Q5239220,1990,0,Islam,Jakarta,,Greater Jakarta,F
Bambang Rudijanto Tanoesoedibjo,3277154,Q121758668,1964,0,Protestant,East Java,Surabaya,Java,F
Kevin Sanjaya Sukamuljo,2097643,Q15229725,1995,0,Protestant,East Java,Banyuwangi,Java,F
Deni Hasoloan Simanjuntak,3103690,Q97189867,0,0,Protestant,West Java,Bandung,Java,F
Abdullah Amu,1096728,Q12470573,1912,1991,Islam,Gorontalo,Gorontalo,Sulawesi,F
Mochamad Hanies Cholil Barro,3393269,Q110103050,1982,0,Islam,Central Java,Rembang,Java,F
Fariz Rustam Munaf,229257,Q4262957,1959,0,Islam,Jakarta,,Greater Jakarta,F
Pakubuwana IX,274777,Q2417617,1830,1893,Islam,Central Java,Surakarta,Java,F
Suprianto Irawan,2046184,Q25469550,1964,0,,West Papua,Fakfak,Maluku and Papua,F
R. Soeprapto (militer),107899,Q954217,1924,2009,,Central Java,Surakarta,Java,F
Didi kempot,6221,Q5661029,1966,2020,,Central Java,Surakarta,Java,F
Surojo Bimantoro,63095,Q12518152,1946,0,Islam,Central Java,Kebumen,Java,F
Loetan St. Toenaro,1562403,Q17410670,1915,1995,Islam,West Sumatra,Agam,Sumatra,F
Adrin Kahar,1177399,Q16163751,1929,2009,Islam,West Sumatra,Solok,Sumatra,F
Djohari Kahar,1642902,Q19725425,1931,2021,Islam,West Sumatra,Solok,Sumatra,F
Amrin Kahar,1179289,Q16166722,1937,2020,Islam,West Sumatra,Bukittinggi,Sumatra,F
Hotmangaraja Panjaitan,437714,Q16181539,1953,0,Protestant,South Sumatra,Palembang,Sumatra,F
Naoki Tanaka,1600101,Q212373,1940,0,,Japan,,,T
Junus Effendi Habibie,1114408,Q16187445,1937,2012,,South Sulawesi,Parepare,Sulawesi,F
Zairin Zain,1040333,Q12525398,1913,1974,Islam,Jakarta,,Greater Jakarta,F
Yetty Rizali Noor,1067242,Q12525244,1924,1982,Islam,Netherlands,,,T
Arief Budiman,33150,Q4790355,1941,2020,Islam,Jakarta,,Greater Jakarta,F
Nikita Mirzani,858845,Q17410734,1986,0,,Jakarta,,Greater Jakarta,F
Soeyono,1610992,Q18421428,1943,0,Islam,East Java,Malang,Java,F
S. Mengga,2107788,Q26818535,1926,2007,Islam,West Sulawesi,Polewali Mandar,Sulawesi,F
Aladin S. Mengga,2045819,Q25469539,1953,0,Islam,South Sulawesi,Makassar,Sulawesi,F
Ahmad Fikri Assegaf,2952144,Q73203653,1968,0,Islam,Jakarta,,Greater Jakarta,F
Ahmad Syawqi,2649534,Q56417055,1986,0,Islam,Jakarta,,Greater Jakarta,F
Nawawi Soetan Makmoer,1643619,Q19729656,1859,1928,Islam,West Sumatra,Padang,Sumatra,F
Kisenda Wiranata,2526636,Q49255734,1962,0,Islam,West Java,Bandung,Java,F
Soedarpo Sastrosatomo,227960,Q12515745,1920,2007,Islam,North Sumatra,Langkat,Sumatra,F
Shanti L. Poesposoetjipto,1101361,Q12514091,1949,0,Islam,Jakarta,,Greater Jakarta,F
Ahmad Dhani,36876,Q4695305,1972,0,,East Java,Surabaya,Java,F
Irwan Mussry,3620770,Q112053239,1962,0,,East Java,Surabaya,Java,F
Ahmad Al Ghazali,1422015,Q16164465,1997,0,Islam,Jakarta,,Greater Jakarta,F
El Rumi,1422020,Q16164536,1999,0,Islam,Jakarta,,Greater Jakarta,F
Dul Jaelani,1190090,Q16162417,2000,0,Islam,Jakarta,,Greater Jakarta,F
Pakubuwana II,274092,Q1903767,1711,1749,Islam,West Nusa Tenggara,Mataram,Bali-Nusra,F
Hamengkubuwana I,195092,Q1135417,1717,1792,Islam,West Nusa Tenggara,Mataram,Bali-Nusra,F
Clift Sangra,243383,Q11162518,1965,0,Catholic,Central Java,Cilacap,Java,F
Ari Adrianus Suprapto,3076783,Q97306964,1960,1977,,Central Java,Magelang,Java,F
Mangkunegara V,587767,Q2973254,1855,1896,,Central Java,Surakarta,Java,F
Rommy Sulastyo,3344580,Q108522104,1971,0,,West Java,Bandung,Java,F
Adjie Pangestu,206705,Q4264796,1969,0,,Central Java,Semarang,Java,F
Sultan Djorghi,256578,Q12517317,1976,0,Islam,Jakarta,,Greater Jakarta,F
Soedjana Sapi'ie,910042,Q17411273,1931,0,,West Java,Bandung,Java,F
Jelita Callebaut,2897789,Q85991838,1992,0,,,,,F
Miriam Budiardjo,134657,Q12498605,1923,2007,,East Java,Kediri,Java,F
Marcella Zalianty,94848,Q12496916,1980,0,,Jakarta,,Greater Jakarta,F
Ersa Mayori,237306,Q13092934,1979,0,Islam,Jakarta,,Greater Jakarta,F
Pakubuwana VI,7135,Q1976278,1807,1849,Islam,Central Java,Surakarta,Java,F
Z.A. Sutan Pangeran,606829,Q12525375,0,0,Islam,,,,F
Soe Hok Gie,21243,Q2277434,1942,1969,Catholic,Jakarta,,Greater Jakarta,F
Mulan Jameela,68020,Q3234938,1979,0,Islam,West Java,Garut,Java,F
Charles Mussry,2902381,Q109441913,1919,1971,,East Java,Surabaya,Java,F
Amangkurat IV,274087,Q748484,1680,1726,Islam,West Nusa Tenggara,Mataram,Bali-Nusra,F
Mangkunegara IV,128403,Q2196457,1811,1881,,Central Java,Surakarta,Java,F
Raissa Anggiani,3531090,Q109429993,2004,0,Islam,Jakarta,,Greater Jakarta,F
Tetty Liz Indriati,282157,Q12521117,1957,0,,West Java,Bogor,Java,F
Pakubuwana V,274100,Q4273436,1784,1823,Islam,Central Java,Surakarta,Java,F
Pakubuwana I,255343,Q2439218,1648,1719,Islam,West Nusa Tenggara,Mataram,Bali-Nusra,F
Mangkunegara II,579729,Q2093810,1768,1835,Islam,Central Java,Surakarta,Java,F
Olivia Zalianty,94847,Q13095505,1981,0,Islam,Jakarta,,Greater Jakarta,F
Pakubuwana IV,274099,Q2149375,1768,1820,Islam,Central Java,Surakarta,Java,F
Amangkurat I,109616,Q2270649,1618,1677,Islam,West Nusa Tenggara,Mataram,Bali-Nusra,F
Sultan Agung,21821,Q1771129,1593,1645,Islam,West Nusa Tenggara,Mataram,Bali-Nusra,F
Anyakrawati,10820,Q6654713,0,1613,Islam,Yogyakarta,,Java,F
Panembahan Senapati,274978,Q4201432,0,1601,Islam,Yogyakarta,,Java,F
