person,personid,relative,rel_id,status,distance_birth,distance_nuclear,family
A.M. Hendropriyono,Q4666027,Andika Perkasa,Q18421241,child-in-law,2,2,T
Abdoel Moeis,Q1401053,Soedjana Sapi'ie,Q17411273,child-in-law,2,2,T
Achmad Tahir,Q12470654,Agum Gumelar,Q4694586,child-in-law,2,2,T
Agum Gumelar,Q4694586,Ladya Cheryl,Q16172449,child-in-law,2,2,T
Agum Gumelar,Q4694586,Taufik Hidayat,Q660145,child-in-law,2,2,T
Amien Rais,Q2202270,Ridho Rahmadi,Q107061358,child-in-law,2,2,T
Amien Rais,Q2202270,Rangga Almahendra,Q61118830,child-in-law,2,2,T
Aulia Pohan,Q7807015,Agus Harimurti Yudhoyono,Q7805962,child-in-law,2,2,T
Chairul Tanjung,Q5068119,Guinandra Jatikusumo,Q117014649,child-in-law,2,2,T
Fahmi Idris,Q5429568,Poempida Hidayatulloh,Q12505908,child-in-law,2,2,T
Ferdinand Lumban Tobing,Q11188587,Jonathan Ompu Tording Sitohang,Q112933079,child-in-law,2,2,T
Hari Sabarno,Q12485293,Virnie Ismail,Q11317184,child-in-law,2,2,T
Hary Tanoesoedibjo,Q12485373,Kevin Sanjaya Sukamuljo,Q15229725,child-in-law,2,2,T
Hasan Basri Durin,Q12485387,Asnawi Bahar,Q16168725,child-in-law,2,2,T
Hatta Rajasa,Q4201732,Edhie Baskoro Yudhoyono,Q7806029,child-in-law,2,2,T
Hermanto Dardak,Q12485601,Arumi Bachsin,Q12472561,child-in-law,2,2,T
Iriana,Q17410605,Erina Sofia Gudono,Q115677770,child-in-law,2,2,T
Iriana,Q17410605,Bobby Nasution,Q54200649,child-in-law,2,2,T
Iskandar Tedjasukmana,Q97373847,Masjchun Sofwan,Q12497248,child-in-law,2,2,T
Joko Widodo,Q3318231,Bobby Nasution,Q54200649,child-in-law,2,2,T
Laksamana Sukardi,Q12493537,Moreno Soeprapto,Q1279930,child-in-law,2,2,T
Liliana Tanoesoedibjo,Q15272197,Kevin Sanjaya Sukamuljo,Q15229725,child-in-law,2,2,T
Linda Amalia Sari,Q12494918,Taufik Hidayat,Q660145,child-in-law,2,2,T
Luhut Binsar Panjaitan,Q14917375,Maruli Simanjuntak,Q19728927,child-in-law,2,2,T
Muhammad Mangundiprojo,Q19729468,Soesilo Soedarman,Q12515785,child-in-law,2,2,T
Oemar Said Tjokroaminoto,Q2603591,Soekarno,Q76127,child-in-law,2,2,T
S.H. Simatupang,Q99237618,Luhut Binsar Panjaitan,Q14917375,child-in-law,2,2,T
Sarwo Edhie Wibowo,Q7424827,Erwin Sudjono,Q16176328,child-in-law,2,2,T
Sarwo Edhie Wibowo,Q7424827,Hadi Utomo,Q16179383,child-in-law,2,2,T
Sarwo Edhie Wibowo,Q7424827,Susilo Bambang Yudhoyono,Q57405,child-in-law,2,2,T
Soeharto Sastrosoeyoso,Q61118630,Mimi Mariani,Q114834397,child-in-law,2,2,T
Soekardi,Q105427014,Theo L. Sambuaga,Q17411225,child-in-law,2,2,T
Sugandhi Kartosubroto,Q85909299,Soeyono,Q18421428,child-in-law,2,2,T
Susilo Bambang Yudhoyono,Q57405,Annisa Pohan,Q7806784,child-in-law,2,2,T
Tetty Liz Indriati,Q12521117,Ananda Mikola,Q485781,child-in-law,2,2,T
Tjahjo Kumolo,Q12521725,Detri Warmanto,Q12481358,child-in-law,2,2,T
Triawan Munaf,Q19749051,Baskara Mahendra,Q85989078,child-in-law,2,2,T
Try Sutrisno,Q76333,Danang Hadiwibowo,Q110102784,child-in-law,2,2,T
Try Sutrisno,Q76333,Ryamizard Ryacudu,Q7419814,child-in-law,2,2,T
Z.A. Sutan Pangeran,Q12525375,Djohari Kahar,Q19725425,child-in-law,2,2,T
A.M. Hendropriyono,Q4666027,Diaz Hendropriyono,Q20278383,child,1,1,T
Abdul Haris Nasution,Q317291,Ade Irma Suryani Nasution,Q12470697,child,1,1,T
Abdul Latief (pengusaha),Q4665497,Dipo Latief,Q16174788,child,1,1,T
Abdul Latief (pengusaha),Q4665497,Medina Latief Harjani,Q17410712,child,1,1,T
Abdul Moeloek,Q19737572,Faried Anfasa Moeloek,Q13092954,child,1,1,T
Abdul Moeloek,Q19737572,Nukman Moeloek,Q20741994,child,1,1,T
Abdullah Kamil,Q16162613,Halimah Agustina Kamil,Q16044713,child,1,1,T
Abdurrahman Shihab,Q55766298,Alwi Shihab,Q2840640,child,1,1,T
Abdurrahman Shihab,Q55766298,Muhammad Quraish Shihab,Q55238732,child,1,1,T
Abdurrahman Shihab,Q55766298,Ahmad Nizar Shihab,Q56511458,child,1,1,T
Abdurrahman Shihab,Q55766298,Umar Shihab,Q56524376,child,1,1,T
Abdurrahman Wahid,Q76167,Yenny Wahid,Q3572174,child,1,1,T
Abdurrahman Wahid,Q76167,Alissa Qotrunnada,Q64824748,child,1,1,T
Abdurrahman Wahid,Q76167,Inayah Wulandari,Q64824904,child,1,1,T
Aburizal Bakrie,Q336042,Anindya Bakrie,Q12472166,child,1,1,T
Aburizal Bakrie,Q336042,Ardi Bakrie,Q56416988,child,1,1,T
Achmad Bakrie,Q12470645,Nirwan Bakrie,Q106702449,child,1,1,T
Achmad Bakrie,Q12470645,Aburizal Bakrie,Q336042,child,1,1,T
Achmad Tahir,Q12470654,Linda Amalia Sari,Q12494918,child,1,1,T
Achmad Tahir,Q12470654,Dali Tahir,Q16173631,child,1,1,T
Achmad Tahir,Q12470654,Adi Putra Darmawan Tahir,Q17410349,child,1,1,T
Achmad Wiranatakusumah,Q97306748,Kisenda Wiranata,Q49255734,child,1,1,T
Adrin Kahar,Q16163751,Rinati Adrin,P79,child,1,1,T
Agung Laksono,Q2581141,Dave Laksono,Q120202073,child,1,1,T
Ahem Erningpradja,Q25462968,Edi Ahem Erningpraja,P8,child,1,1,T
Ahem Erningpradja,Q25462968,Irianti Erningpraja,Q12486767,child,1,1,T
Ahmad Dhani,Q4695305,Abdul Qodir Jaelani,Q16162417,child,1,1,T
Ahmad Dhani,Q4695305,Ahmad Al Ghazali,Q16164465,child,1,1,T
Ahmad Dhani,Q4695305,Ahmad El Jalaluddin Rumi,Q16164536,child,1,1,T
Ahmad Yani,Q2992817,Amelia Achmad Yani,Q19751265,child,1,1,T
Airlangga Hartarto,Q12471140,Ravindra Airlangga,Q115049138,child,1,1,T
Ali Sadikin,Q1393182,Boy Sadikin,Q31173523,child,1,1,T
Aliyah Rasyid,Q56416545,Anies Baswedan,Q4263230,child,1,1,T
Alwi Abdul Jalil Habibie,Q19745520,Junus Effendi Habibie,Q16187445,child,1,1,T
Alwi Abdul Jalil Habibie,Q19745520,Bacharuddin Jusuf Habibie,Q76156,child,1,1,T
Amien Rais,Q2202270,Tasniem Fauzia Rais,P44,child,1,1,T
Amien Rais,Q2202270,Ahmad Hanafi Rais,Q16164615,child,1,1,T
Amien Rais,Q2202270,Ahmad Mumtaz Rais,Q16164694,child,1,1,T
Amien Rais,Q2202270,Hanum Salsabiela Rais,Q7347498,child,1,1,T
Andi Ghalib,Q12472022,Andi Sinjaya Ghalib,Q109432685,child,1,1,T
Arifin C. Noer,Q4790571,Nazyra C. Noer,Q106450297,child,1,1,T
Aulia Pohan,Q7807015,Annisa Pohan,Q7806784,child,1,1,T
B. J. Habibie,Q76156,Thariq Kemal,P33,child,1,1,T
B. J. Habibie,Q76156,Ilham Akbar Habibie,Q19726132,child,1,1,T
Bachtiar Chamsyah,Q4838924,Muhammad Iqbal (politisi),Q17410777,child,1,1,T
Bondan Gunawan,Q14262152,Bondan Kanumoyoso,Q123190681,child,1,1,T
Bondan Gunawan,Q14262152,Putri Ayu Anisya,Q85993706,child,1,1,T
Bustanil Arifin,Q5002099,Yani Arifin,P34,child,1,1,T
Bustanil Arifin,Q5002099,Emil Arifin,Q16175997,child,1,1,T
Bustanil Arifin,Q5002099,Alwin Arifin,Q17998029,child,1,1,T
Chairul Tanjung,Q5068119,Putri Indahsari Tanjung,Q85993709,child,1,1,T
Charles Mussry,Q109441913,Irwan Mussry,Q112053239,child,1,1,T
Cholil Bisri,Q12478642,Mochamad Hanies Cholil Barro,Q110103050,child,1,1,T
Cholil Bisri,Q12478642,Yahya Cholil Staquf,Q110252319,child,1,1,T
Cholil Bisri,Q12478642,Yaqut Cholil Qoumas,Q56391957,child,1,1,T
D.I. Panjaitan,Q4250996,Hotmangaraja Panjaitan,Q16181539,child,1,1,T
D.N. Aidit,Q558979,Ilham Aidit,Q65208264,child,1,1,T
Dahlan Iskan,Q4252078,Azrul Ananda,Q17410415,child,1,1,T
Da'i Bachtiar,Q5207158,Dini Agustini,P21,child,1,1,T
Da'i Bachtiar,Q5207158,Nina Agustina,Q106878555,child,1,1,T
Da'i Bachtiar,Q5207158,Adi Vivid Agustiadi Bachtiar,Q61118258,child,1,1,T
Dicky Suprapto,Q12481493,Kiki Maria,Q5959589,child,1,1,T
Djoko Santoso,Q4196055,Andika Pandu Puragabaya,Q85988763,child,1,1,T
Djoko Santoso,Q4196055,Ardhya Pratiwi Setiowati,Q96987556,child,1,1,T
Dora Marie Sigar,Q17411355,Hashim Djojohadikusumo,Q12485398,child,1,1,T
Dora Marie Sigar,Q17411355,Prabowo Subianto,Q2107268,child,1,1,T
Doris Callebaut,Q7328580,Jelita Callebaut,Q85991838,child,1,1,T
E.E. Mangindaan,Q13092889,Harley B. Mangindaan,Q25459745,child,1,1,T
Edi Sudradjat,Q1284477,Andi Gunawan,P39,child,1,1,T
Edi Sudradjat,Q1284477,Iman Budiman,Q56399498,child,1,1,T
Emil Salim,Q4187311,Roosdinal Salim,Q17411117,child,1,1,T
Erwin Sudjono,Q16176328,Danang Prasetyo Wibowo,Q120203401,child,1,1,T
Fahmi Idris,Q5429568,Fahira Idris,Q12482713,child,1,1,T
Fahmi Idris,Q5429568,Fahrina Fahmi Idris,Q16176665,child,1,1,T
Fatmawati,Q468519,Rachmawati Soekarnoputri,Q12507600,child,1,1,T
Fatmawati,Q468519,Sukmawati Soekarnoputri,Q12517042,child,1,1,T
Fatmawati,Q468519,Guruh Soekarnoputra,Q4264069,child,1,1,T
Fatmawati,Q468519,Guntur Soekarnoputra,Q49247960,child,1,1,T
Fatmawati,Q468519,Megawati Soekarnoputri,Q76179,child,1,1,T
Firdaus Wadjdi,Q56391300,Muhammad Lutfi,Q12499368,child,1,1,T
Frans Kaisiepo,Q3083011,Manuel Kaisiepo,Q12496803,child,1,1,T
Fuad Bawazier,Q12483133,Nora Bawazier,P42,child,1,1,T
Fuad Bawazier,Q12483133,Mohamad Hekal,Q109564145,child,1,1,T
Ginandjar Kartasasmita,Q5562954,Agus Gumiwang Kartasasmita,Q12470931,child,1,1,T
Guntur Soekarnoputra,Q49247960,Puti Guntur Soekarno,Q12507435,child,1,1,T
Hadi Thayeb,Q12485046,Teuku Mohammad Hamzah Thayeb,Q17411575,child,1,1,T
Halida Hatta,Q12485129,Gustika Fardani Jusuf,P23,child,1,1,T
Hartarto Sastrosoenarto,Q12485357,Airlangga Hartarto,Q12471140,child,1,1,T
Hartini,Q16180134,Bayu Soekarnoputra,Q16180134,child,1,1,T
Hartini,Q16180134,Taufan Soekarnoputra,Q64623726,child,1,1,T
Hary Tanoesoedibjo,Q12485373,Clarissa Tanoesoedibjo,P26,child,1,1,T
Hary Tanoesoedibjo,Q12485373,Valencia Tanoesoedibjo,P25,child,1,1,T
Hary Tanoesoedibjo,Q12485373,Warren Tanoesoedibjo,P27,child,1,1,T
Hary Tanoesoedibjo,Q12485373,Angela Tanoesoedibjo,Q72242032,child,1,1,T
Hary Tanoesoedibjo,Q12485373,Jessica Tanoesoedibjo,Q72242117,child,1,1,T
Hasan Basri Durin,Q12485387,Weno Aulia Durin,Q12485387,child,1,1,T
Hasan Din,Q28723699,Fatmawati,Q468519,child,1,1,T
Hashim Djojohadikusumo,Q12485398,Rahayu Saraswati,Q19731920,child,1,1,T
Hashim Djojohadikusumo,Q12485398,Aryo Djojohadikusumo,Q59656271,child,1,1,T
Hasri Ainun Besari,Q3294779,Ilham Akbar Habibie,Q19726132,child,1,1,T
Herman Johannes,Q12485593,Helmi Johannes,Q12485527,child,1,1,T
Hermanto Dardak,Q12485601,Emil Dardak,Q21828089,child,1,1,T
Hotmangaraja Panjaitan,Q16181539,Abraham Sada Mangaradja Pandjaitan,P80,child,1,1,T
Ibnu Sutowo,Q5984338,Pontjo Sutowo,P9,child,1,1,T
Ibrahim Marah Soetan,Q19726460,Muhammad Sjafei,Q12499383,child,1,1,T
Ichsan Yasin Limpo,Q16182111,Adnan Purichta Ichsan,Q65212430,child,1,1,T
Ida Ayu Nyoman Rai,Q16182136,Raden Soekarmini,Q20278495,child,1,1,T
Ida Ayu Nyoman Rai,Q16182136,Ir. Soekarno,Q76127,child,1,1,T
Ida Bagus Sudjana,Q12486239,Ida Bagus Purwalaksana,Q25468361,child,1,1,T
Inggit Garnasih,Q12486589,Ratna Djuami,P60,child,1,1,T
Iriana,Q17410605,Gibran Rakabuming,Q18342893,child,1,1,T
Iriana,Q17410605,Kahiyang Ayu,Q18342895,child,1,1,T
Iriana,Q17410605,Kaesang Pangarep,Q18342896,child,1,1,T
J. Leimena,Q2642883,Melani Leimena Suharli,Q60330208,child,1,1,T
Jacob Nuwa Wea,Q11215759,Andi Gani Nena Wea,P14,child,1,1,T
Jajang C. Noer,Q6124331,Nazyra C. Noer,Q106450297,child,1,1,T
Johnny Sitohang,Q17410631,Depriwanto Sitohang,Q109433358,child,1,1,T
Joko Widodo,Q3318231,Gibran Rakabuming Raka,Q18342893,child,1,1,T
Joko Widodo,Q3318231,Kahiyang Ayu,Q18342895,child,1,1,T
Joko Widodo,Q3318231,Kaesang Pangarep,Q18342896,child,1,1,T
Jonathan Ompu Tording Sitohang,Q112933079,Johnny Sitohang,Q17410631,child,1,1,T
Jusuf Kalla,Q76354,Chairani Kalla,Q25461644,child,1,1,T
Jusuf Kalla,Q76354,Solihin Kalla,Q7804479,child,1,1,T
Kaharudin Datuk Rangkayo Basa,Q12488464,Adrin Kahar,Q16163751,child,1,1,T
Kaharudin Datuk Rangkayo Basa,Q12488464,Amrin Kahar,Q16166722,child,1,1,T
Kaharudin Datuk Rangkayo Basa,Q12488464,Djohari Kahar,Q19725425,child,1,1,T
Kartika Sari Dewi Soekarno,Q15646490,Frederik Kiran Soekarno Seegers,P58,child,1,1,T
Kartini Manoppo,Q16187614,Totok Suryawan Soekarnoputra,Q16187614,child,1,1,T
Ki Hadjar Dewantara,Q1815982,Bambang Sokawati Dewantara,P46,child,1,1,T
Kristiani Herrawati,Q4200758,Agus Harimurti Yudhoyono,Q7805962,child,1,1,T
Kristiani Herrawati,Q4200758,Edhie Baskoro Yudhoyono,Q7806029,child,1,1,T
Liliana Tanoesoedibjo,Q15272197,Clarissa Tanoesoedibjo,P26,child,1,1,T
Liliana Tanoesoedibjo,Q15272197,Valencia Tanoesoedibjo,P25,child,1,1,T
Liliana Tanoesoedibjo,Q15272197,Warren Tanoesoedibjo,P27,child,1,1,T
Liliana Tanoesoedibjo,Q15272197,Angela Tanoesoedibjo,Q72242032,child,1,1,T
Liliana Tanoesoedibjo,Q15272197,Jessica Tanoesoedibjo,Q72242117,child,1,1,T
Linda Amalia Sari,Q12494918,Army Dianti,P18,child,1,1,T
Linda Amalia Sari,Q12494918,Zeke Khaseli,Q106977528,child,1,1,T
Luhut Binsar Panjaitan,Q14917375,Paulus Pandjaitan,Q106462747,child,1,1,T
Lukman Wiriadinata,Q25461005,Hoesein Wiriadinata,Q85991578,child,1,1,T
Lulu Lugiyati,Q25469688,Andi Gunawan,P73,child,1,1,T
Lulu Lugiyati,Q25469688,Iman Budiman,Q56399498,child,1,1,T
M. Yasin Limpo,Q26818531,Dewie Yasin Limpo,P29,child,1,1,T
M. Yasin Limpo,Q26818531,Syahrul Yasin Limpo,Q10860301,child,1,1,T
M. Yasin Limpo,Q26818531,Ichsan Yasin Limpo,Q16182111,child,1,1,T
Maia Estianty,Q4349443,Dul Jaelani,Q16162417,child,1,1,T
Maia Estianty,Q4349443,Ahmad Al Ghazali,Q16164465,child,1,1,T
Maia Estianty,Q4349443,El Rumi,Q16164536,child,1,1,T
Margono Djojohadikoesoemo,Q19746197,Soebianto Djojohadikoesoemo,Q12515742,child,1,1,T
Margono Djojohadikoesoemo,Q19746197,Soemitro Djojohadikoesoemo,Q7553510,child,1,1,T
Maruli Simanjuntak,Q19728927,Faye Simanjuntak,Q72456512,child,1,1,T
Mas Isman,Q24284592,Hayani Isman,Q16180462,child,1,1,T
Mas Isman,Q24284592,Hayono Isman,Q5687116,child,1,1,T
Megawati Soekarnoputri,Q76179,Mohammad Rizki Pratama,P2,child,1,1,T
Megawati Soekarnoputri,Q76179,Puan Maharani,Q15646541,child,1,1,T
Megawati Soekarnoputri,Q76179,Mohammad Prananda Prabowo,Q17410937,child,1,1,T
Mien Soedarpo,Q12498502,Shanti L. Poesposoetjipto,Q12514091,child,1,1,T
Mochtar Kusumaatmadja,Q4200159,Armida Alisjahbana,Q4259192,child,1,1,T
Moeljadi,Q17410747,Adi Prabawa,Q49251230,child,1,1,T
Moerdiono,Q13095146,Mardiana Estilistiati,P38,child,1,1,T
Mohammad Hatta,Q29050,Meutia Hatta,Q11081076,child,1,1,T
Mohammad Hatta,Q29050,Halida Hatta,Q12485129,child,1,1,T
Mohammad Hatta,Q29050,Gemala Hatta,Q25467900,child,1,1,T
Mohammad Sardjan,Q98785893,Titi Qadarsih,Q6147502,child,1,1,T
Mohammad Yamin,Q3503054,Rahadian Yamin,Q12507680,child,1,1,T
Muhammad Mangundiprojo,Q19729468,Himawan Soetanto,Q17411418,child,1,1,T
Muhammad Quraish Shihab,Q55238732,Najwa Shihab,Q4273048,child,1,1,T
Muhammad Quraish Shihab,Q55238732,Najelaa Shihab,Q56416608,child,1,1,T
Musannif Ryacudu,Q19943867,Syamsurya Ryacudu,Q17411159,child,1,1,T
Musannif Ryacudu,Q19943867,Ryamizard Ryacudu,Q7419814,child,1,1,T
Nawawi Soetan Makmoer,Q19729656,Syarifah Nawawi,Q12518361,child,1,1,T
Nazarudin Kiemas,Q17410844,Giri Ramanda Kiemas,Q56399362,child,1,1,T
Nazir Datuk Pamoentjak,Q12500218,Jajang C. Noer,Q6124331,child,1,1,T
Nelly Adam Malik,Q12500336,Antarini Malik,P61,child,1,1,T
Norman Sasono,Q49254381,Marciano Norman,Q6757170,child,1,1,T
Oemar Said Tjokroaminoto,Q2603591,Siti Oetari,Q12515522,child,1,1,T
Oemar Said Tjokroaminoto,Q2603591,Harsono Tjokroaminoto,Q18421456,child,1,1,T
Oemar Said Tjokroaminoto,Q2603591,Anwar Tjokroaminoto,Q84836232,child,1,1,T
Oemar Seno Adji,Q12501175,Indriyanto Seno Adji,Q19733069,child,1,1,T
Oetojo Oesman,Q12501199,Dewi Asmara,Q123337918,child,1,1,T
Panusunan Pasaribu,Q104597648,Dolly Pasaribu,Q105764924,child,1,1,T
Prabowo Subianto,Q2107268,Didit Hediprasetyo,Q17410486,child,1,1,T
Pramono Anung,Q12506342,Hanindhito Himawan Pramana,Q107564265,child,1,1,T
Prijono,Q4378323,Ami Prijono,Q6056702,child,1,1,T
R.A. Kartini,Q1373764,Soesalit Djojoadhiningrat,Q17410497,child,1,1,T
Raden Aria Adipati Wiranatakoesoema,Q3569429,Mien Soedarpo,Q12498502,child,1,1,T
Raden Aria Adipati Wiranatakoesoema,Q3569429,Male Wiranatakusumah,Q19745231,child,1,1,T
Raden Aria Adipati Wiranatakoesoema,Q3569429,Achmad Wiranatakusumah,Q97306748,child,1,1,T
Raden Hardjodikromo,Q25456690,Soekemi Sosrodihardjo,Q19740372,child,1,1,T
Rahmi Rachim,Q12507601,Meutia Hatta,Q11081076,child,1,1,T
Rahmi Rachim,Q12507601,Halida Hatta,Q12485129,child,1,1,T
Rahmi Rachim,Q12507601,Gemala Hatta,Q25467900,child,1,1,T
Ratjih Natawidjaja,Q120202088,Ginandjar Kartasasmita,Q5562954,child,1,1,T
Ratna Sari Dewi Soekarno,Q4263050,Kartika Sari Dewi Soekarno,Q15646490,child,1,1,T
Retno Marsudi,Q18342668,Dyota Marsudi,Q111472682,child,1,1,T
Roesman Noerjadin,Q25466555,Roestriana Adrianti,Q23005415,child,1,1,T
Roestriana Adrianti,Q23005415,Muhammad Kerry Adrianto,Q23005413,child,1,1,T
Rommy Sulastyo,Q108522104,Raissa Anggiani,Q109429993,child,1,1,T
Rooslila Tahir,Q19731607,Linda Amalia Sari,Q12494918,child,1,1,T
Rooslila Tahir,Q19731607,Adi Putra Darmawan Tahir,Q17410349,child,1,1,T
Roosseno Soerjohadikoesoemo,Q12508921,Toeti Heraty,Q7812944,child,1,1,T
Saifuddin Zuhri,Q14404735,Fahmi Saifuddin,P6,child,1,1,T
Saifuddin Zuhri,Q14404735,Lukman Hakim Saifuddin,Q16188358,child,1,1,T
Sapardjo,Q56400151,Bambang Purwanto,Q31174747,child,1,1,T
Sarwo Edhie Wibowo,Q7424827,Hartanto Edhie Wibowo,Q12485356,child,1,1,T
Sarwo Edhie Wibowo,Q7424827,Kristiani Herrawati,Q4200758,child,1,1,T
Sarwo Edhie Wibowo,Q7424827,Pramono Edhie Wibowo,Q7238276,child,1,1,T
Sigit Harjojudanto,Q12514651,Ari Sigit,Q5703870,child,1,1,T
Sigit Harjojudanto,Q12514651,Eno Sigit,Q5832929,child,1,1,T
Sinta Nuriyah,Q4264061,Yenny Wahid,Q3572174,child,1,1,T
Siti Hartinah,Q4201169,Bambang Trihatmodjo,Q12473900,child,1,1,T
Siti Hartinah,Q4201169,Sigit Harjojudanto,Q12514651,child,1,1,T
Siti Hartinah,Q4201169,Siti Hediati Hariyadi,Q12515517,child,1,1,T
Siti Hartinah,Q4201169,Siti Hutami Endang Adiningsih,Q20278519,child,1,1,T
Siti Hartinah,Q4201169,Hutomo Mandala Putra,Q3177695,child,1,1,T
Siti Hartinah,Q4201169,Siti Hardijanti Rukmana,Q7531876,child,1,1,T
Siti Hediati Hariyadi,Q12515517,Didit Hediprasetyo,Q17410486,child,1,1,T
Sjahrir (ekonom),Q7659441,Pandu Patria Sjahrir,Q97217964,child,1,1,T
Soedarpo Sastrosatomo,Q12515745,Shanti L. Poesposoetjipto,Q12514091,child,1,1,T
Soedradjad Djiwandono,Q6107118,Budi Djiwandono,Q65209610,child,1,1,T
Soedradjad Djiwandono,Q6107118,Thomas Djiwandono,Q65210174,child,1,1,T
Soeharto,Q44819,Bambang Trihatmodjo,Q12473900,child,1,1,T
Soeharto,Q44819,Sigit Harjojudanto,Q12514651,child,1,1,T
Soeharto,Q44819,Siti Hediati Hariyadi,Q12515517,child,1,1,T
Soeharto,Q44819,Siti Hutami Endang Adiningsih,Q20278519,child,1,1,T
Soeharto,Q44819,Hutomo Mandala Putra,Q3177695,child,1,1,T
Soeharto,Q44819,Siti Hardijanti Rukmana,Q7531876,child,1,1,T
Soekarno,Q76127,Ratna Juami,P3,child,1,1,T
Soekarno,Q76127,Rachmawati Soekarnoputri,Q12507600,child,1,1,T
Soekarno,Q76127,Sukmawati Soekarnoputri,Q12517042,child,1,1,T
Soekarno,Q76127,Kartika Sari Dewi Soekarno,Q15646490,child,1,1,T
Soekarno,Q76127,Guruh Soekarnoputra,Q4264069,child,1,1,T
Soekarno,Q76127,Guntur Soekarnoputra,Q49247960,child,1,1,T
Soekarno,Q76127,Taufan Soekarnoputra,Q64623726,child,1,1,T
Soekarno,Q76127,Megawati Soekarnoputri,Q76179,child,1,1,T
Soekemi Sosrodihardjo,Q19740372,Raden Soekarmini,Q20278495,child,1,1,T
Soekemi Sosrodihardjo,Q19740372,Soekarno,Q76127,child,1,1,T
Soemantri Brodjonegoro,Q12517348,Bambang Permadi Soemantri Brodjonegoro,Q16169810,child,1,1,T
Soemarno (ekonom),Q19752816,Ari Hernanto Soemarno,Q12472423,child,1,1,T
Soemarno (ekonom),Q19752816,Rini Soemarno,Q6856490,child,1,1,T
Soesalit Djojoadhiningrat,Q17410497,R.M. Boedhy Setia Soesalit,Q31173599,child,1,1,T
Soesilo Soedarman,Q12515785,Indroyono Soesilo,Q18421427,child,1,1,T
Soewondo (dokter),Q109564312,Siswono Yudo Husodo,Q13097173,child,1,1,T
Sudarsono Mangoenadikoesoemo,Q25471319,Juwono Sudarsono,Q3107476,child,1,1,T
Sudjiatmi,Q56392103,Joko Widodo,Q3318231,child,1,1,T
Sukmawati Soekarnoputri,Q12517042,Paundrakarna,Q12503831,child,1,1,T
Sumitro Djojohadikusumo,Q7553510,Hashim Djojohadikusumo,Q12485398,child,1,1,T
Sumitro Djojohadikusumo,Q7553510,Prabowo Subianto,Q2107268,child,1,1,T
Sunario Sastrowardoyo,Q4446092,Maria Antonia Astrid Sunarti Susanto,Q12472734,child,1,1,T
Sunario Sastrowardoyo,Q4446092,Carolina Felicita Gerardine Sunaryati Hartono,Q15487091,child,1,1,T
Sunawar Sukowati,Q24284586,Edwin Sunawar Sukowati,P32,child,1,1,T
Surindro Supjarso,Q19748675,Muhammad Prananda Prabowo,Q17410937,child,1,1,T
Susi Pudjiastuti,Q17411488,Nadine Kaiser,Q19727058,child,1,1,T
Susilo Bambang Yudhoyono,Q57405,Agus Harimurti Yudhoyono,Q7805962,child,1,1,T
Susilo Bambang Yudhoyono,Q57405,Edhie Baskoro Yudhoyono,Q7806029,child,1,1,T
Sutan Mohamad Salim,Q19748683,Agus Salim,Q118629,child,1,1,T
Sutan Mohamad Salim,Q19748683,Chalid Salim,Q12478570,child,1,1,T
Sutan Mohamad Salim,Q19748683,Siti Danilah Salim,Q19734409,child,1,1,T
Sutan Muhammad Zain,Q19749281,Harun Zain,Q12485364,child,1,1,T
Sutan Muhammad Zain,Q19749281,Yetty Rizali Noor,Q12525244,child,1,1,T
Sutan Muhammad Zain,Q19749281,Zairin Zain,Q12525398,child,1,1,T
Suzzanna,Q1755541,Kiki Maria,Q5959589,child,1,1,T
Suzzanna,Q1755541,Ari Adrianus Suprapto,Q97306964,child,1,1,T
Syarifah Nawawi,Q12518361,Mien Soedarpo,Q12498502,child,1,1,T
Taher Marah Soetan,Q12518562,Tarmizi Taher,Q12520011,child,1,1,T
Tanaka Kakuei,Q297644,Makiko Tanaka,Q465217,child,1,1,T
Taufiq Kiemas,Q4201140,Puan Maharani,Q15646541,child,1,1,T
Tetty Liz Indriati,Q12521117,Marcella Zalianty,Q12496916,child,1,1,T
Tetty Liz Indriati,Q12521117,Olivia Zalianty,Q13095505,child,1,1,T
Thayeb Mohammad Gobel,Q12521185,Rachmad Gobel,Q12507596,child,1,1,T
Theo L. Sambuaga,Q17411225,Jerry Sambuaga,Q65212605,child,1,1,T
Theo Syafei,Q17411512,Andi Widjajanto,Q19745525,child,1,1,T
Tifatul Sembiring,Q4250974,Fathan Sembiring,P19,child,1,1,T
Titi Qadarsih,Q6147502,Indra C Setiawan,P63,child,1,1,T
Titi Qadarsih,Q6147502,Indra Qadarsih,Q19745904,child,1,1,T
Triawan Munaf,Q19749051,Sherina Munaf,Q5262511,child,1,1,T
Try Sutrisno,Q76333,Firman Santyabudi,Q16177287,child,1,1,T
Try Sutrisno,Q76333,Kunto Arief Wibowo,Q61119148,child,1,1,T
Tumpal Dorianus Pardede,Q17411612,Rudolf Pardede,Q12508997,child,1,1,T
Tuti Marini Puspowardojo,Q19749103,Junus Effendi Habibie,Q16187445,child,1,1,T
Tuti Marini Puspowardojo,Q19749103,Bacharuddin Jusuf Habibie,Q76156,child,1,1,T
Tuti Sutiawati,Q108483499,Firman Santyabudi,Q16177287,child,1,1,T
Tuti Sutiawati,Q108483499,Kunto Arief Wibowo,Q61119148,child,1,1,T
Tuty Alawiyah,Q12522830,Dailami Firdaus,Q109541204,child,1,1,T
Umar Shihab,Q56524376,Ary Iftikhar Shihab,P74,child,1,1,T
Wahid Hasjim,Q981398,Salahuddin Wahid,Q12511575,child,1,1,T
Wahid Hasjim,Q981398,Lily Wahid,Q16188244,child,1,1,T
Wahid Hasjim,Q981398,Hasyim Wahid,Q56392155,child,1,1,T
Wahid Hasjim,Q981398,Abdurrahman Wahid,Q76167,child,1,1,T
Zainuddin Rasad,Q12525396,Sjahriar Rasad,Q19734495,child,1,1,T
Zulkifli Hasan,Q4260406,Putri Zulkifli Hasan,Q104155065,child,1,1,T
Zulkifli Hasan,Q4260406,Zita Anjani,Q31173248,child,1,1,T
Abdul Halim Iskandar,Q72061441,Muhaimin Iskandar,Q12499327,younger sibling,2,1,T
Agus Harimurti Yudhoyono,Q7805962,Edhie Baskoro Yudhoyono,Q7806029,younger sibling,2,1,T
Amien Rais,Q2202270,Abdul Rozaq Rais,Q16162485,younger sibling,2,1,T
Amran Sulaiman,Q19752868,Andi Sudirman Sulaiman,Q49252587,younger sibling,2,1,T
Ananda Mikola,Q485781,Moreno Soeprapto,Q1279930,younger sibling,2,1,T
Andi Alfian Mallarangeng,Q11093005,Choel Mallarangeng,Q65212998,younger sibling,2,1,T
Andi Alfian Mallarangeng,Q11093005,Andi Rizal Mallarangeng,Q7339075,younger sibling,2,1,T
Andi Rizal Mallarangeng,Q7339075,Choel Mallarangeng,Q65212998,younger sibling,2,1,T
Andika Pandu Puragabaya,Q85988763,Ardhya Pratiwi Setiowati,Q96987556,younger sibling,2,1,T
Andika Perkasa,Q18421241,Fransiskus Xaverius Bhirawa Braja Paksa,P24,younger sibling,2,1,T
Anindya Bakrie,Q12472166,Anindra Ardiansyah Bakrie,Q56416988,younger sibling,2,1,T
Anwar Tjokroaminoto,Q84836232,Harsono Tjokroaminoto,Q18421456,younger sibling,2,1,T
Aryo Djojohadikusumo,Q59656271,Rahayu Saraswati,Q19731920,younger sibling,2,1,T
Bomer Pasaribu,Q12476886,Panusunan Pasaribu,Q104597648,younger sibling,2,1,T
Bomer Pasaribu,Q12476886,Syahrul M Pasaribu,Q17411516,younger sibling,2,1,T
Bomer Pasaribu,Q12476886,Gus Irawan Pasaribu,Q31174037,younger sibling,2,1,T
Faried Anfasa Moeloek,Q13092954,Nukman Moeloek,Q20741994,younger sibling,2,1,T
Firman Santyabudi,Q16177287,Kunto Arief Wibowo,Q61119148,younger sibling,2,1,T
Fuad Amin Imron,Q19943268,Abdul Latif Amin Imron,Q107994307,younger sibling,2,1,T
Garibaldi Thohir,Q19725813,Erick Thohir,Q5388188,younger sibling,2,1,T
Gemala Hatta,Q25467900,Halida Hatta,Q12485129,younger sibling,2,1,T
Hanna Gayatri,Q96989463,Iskandar (politikus),Q120260356,younger sibling,2,1,T
Hanna Gayatri,Q96989463,Hatta Rajasa,Q4201732,younger sibling,2,1,T
Hanna Gayatri,Q96989463,Achmad Hafisz Tohir,Q96989460,younger sibling,2,1,T
Hassan Wirajuda,Q183581,Abdul Syukur,Q109433339,younger sibling,2,1,T
Hassan Wirajuda,Q183581,Wahidin Halim,Q17411648,younger sibling,2,1,T
Hatta Rajasa,Q4201732,Iskandar (politikus),Q120260356,younger sibling,2,1,T
Hatta Rajasa,Q4201732,Achmad Hafisz Tohir,Q96989460,younger sibling,2,1,T
Hayono Isman,Q5687116,Hayani Isman,Q16180462,younger sibling,2,1,T
Hendardji Soepandji,Q5713108,Budi Susilo Soepandji,Q12477387,younger sibling,2,1,T
Hendarman Supandji,Q4264975,Budi Susilo Soepandji,Q12477387,younger sibling,2,1,T
Hendarman Supandji,Q4264975,Hendardji Soepandji,Q5713108,younger sibling,2,1,T
Hutomo Mandala Putra,Q3177695,Siti Hutami Endang Adiningsih,Q20278519,younger sibling,2,1,T
I Gusti Ngurah Jaya Negara,Q102984055,I Gusti Ayu Bintang Darmawati,Q72117992,younger sibling,2,1,T
Iman Budiman,Q56399498,Andi Gunawan,P73,younger sibling,2,1,T
Iskandar (politikus),Q120260356,Achmad Hafisz Tohir,Q96989460,younger sibling,2,1,T
Kaharudin Datuk Rangkayo Basa,Q12488464,Loetan St. Toenaro,Q17410670,younger sibling,2,1,T
Kahiyang Ayu,Q18342895,Kaesang Pangarep,Q18342896,younger sibling,2,1,T
Kristiani Herrawati,Q4200758,Hartanto Edhie Wibowo,Q12485356,younger sibling,2,1,T
Kristiani Herrawati,Q4200758,Pramono Edhie Wibowo,Q7238276,younger sibling,2,1,T
Luhut Binsar Panjaitan,Q14917375,Nurmala Kartini Sjahrir,Q12501029,younger sibling,2,1,T
Maruli Simanjuntak,Q19728927,Deni Hasoloan Simanjuntak,Q97189867,younger sibling,2,1,T
Medina Latief Harjani,Q17410712,Dipo Latief,Q16174788,younger sibling,2,1,T
Meuthia Hatta Swasono,Q11081076,Halida Hatta,Q12485129,younger sibling,2,1,T
Meuthia Hatta Swasono,Q11081076,Gemala Hatta,Q25467900,younger sibling,2,1,T
Mochtar Kusumaatmadja,Q4200159,Sarwono Kusumaatmadja,Q13096807,younger sibling,2,1,T
Muhammad Quraish Shihab,Q55238732,Nur Shihab,P43,younger sibling,2,1,T
Muhammad Quraish Shihab,Q55238732,Alwi Shihab,Q2840640,younger sibling,2,1,T
Muhammad Quraish Shihab,Q55238732,Ahmad Nizar Shihab,Q56511458,younger sibling,2,1,T
Muhammad Quraish Shihab,Q55238732,Umar Shihab,Q56524376,younger sibling,2,1,T
Oemar Said Tjokroaminoto,Q2603591,Abikoesno Tjokrosoejoso,Q4667741,younger sibling,2,1,T
Panusunan Pasaribu,Q104597648,Syahrul M. Pasaribu,Q17411516,younger sibling,2,1,T
Panusunan Pasaribu,Q104597648,Gus Irawan Pasaribu,Q31174037,younger sibling,2,1,T
Prabowo Subianto,Q2107268,Hashim Djojohadikusumo,Q12485398,younger sibling,2,1,T
Pramono Edhie Wibowo,Q7238276,Hartanto Edhie Wibowo,Q12485356,younger sibling,2,1,T
Rachmat Witoelar,Q7279546,Wimar Witoelar,Q12524555,younger sibling,2,1,T
Rahmi Rachim,Q12507601,Raharti Rachim Soebijakto,P57,younger sibling,2,1,T
Ready Kambo,Q120202604,Syafruddin (polisi),Q85994840,younger sibling,2,1,T
Rommy Sulastyo,Q108522104,Annisa Trihapsari,Q10956050,younger sibling,2,1,T
Ruhut Sitompul,Q4262592,Iskandar Sitompul,Q16183738,younger sibling,2,1,T
Rusmin Nurjadin,Q12508816,Roesman Noerjadin,Q25466555,younger sibling,2,1,T
S.H. Simatupang,Q99237618,T.B. Simatupang,Q4806383,younger sibling,2,1,T
Siti Hardijanti Rukmana,Q7531876,Bambang Trihatmodjo,Q12473900,younger sibling,2,1,T
Siti Hardijanti Rukmana,Q7531876,Sigit Harjojudanto,Q12514651,younger sibling,2,1,T
Siti Hardijanti Rukmana,Q7531876,Siti Hediati Hariyadi,Q12515517,younger sibling,2,1,T
Siti Hardijanti Rukmana,Q7531876,Siti Hutami Endang Adiningsih,Q20278519,younger sibling,2,1,T
Siti Hardijanti Rukmana,Q7531876,Hutomo Mandala Putra,Q3177695,younger sibling,2,1,T
Siti Hediati Hariyadi,Q12515517,Siti Hutami Endang Adiningsih,Q20278519,younger sibling,2,1,T
Siti Hediati Hariyadi,Q12515517,Hutomo Mandala Putra,Q3177695,younger sibling,2,1,T
Sjafrie Sjamsoeddin,Q12515621,Maroef Sjamsoeddin,Q19739210,younger sibling,2,1,T
Solihin Kalla,Q7804479,Chairani Kalla,Q25461644,younger sibling,2,1,T
Syahrul M Pasaribu,Q17411516,Gus Irawan Pasaribu,Q31174037,younger sibling,2,1,T
Syahrul Yasin Limpo,Q10860301,Ichsan Yasin Limpo,Q16182111,younger sibling,2,1,T
T.B. Simatupang,Q4806383,Batara Ningrat Simatupang,Q12475104,younger sibling,2,1,T
T.B. Simatupang,Q4806383,Tapi Omas Ihromi,Q16182389,younger sibling,2,1,T
Taufiq Kiemas,Q4201140,Nazarudin Kiemas,Q17410844,younger sibling,2,1,T
Thomas Djiwandono,Q65210174,Budi Djiwandono,Q65209610,younger sibling,2,1,T
Toeti Heraty,Q7812944,Radiastuti M. Roosseno,P59,younger sibling,2,1,T
Tubagus Hasanuddin,Q18421463,ST Burhanuddin,Q83236699,younger sibling,2,1,T
Wahidin Halim,Q17411648,Abdul Syukur,Q109433339,younger sibling,2,1,T
Zulkifli Hasan,Q4260406,Helmi Hasan,Q25466119,younger sibling,2,1,T
Zulkifli Hasan,Q4260406,Zainudin Hasan,Q25466566,younger sibling,2,1,T
Abdul Haris Nasution,Q317291,Johana Sunarti Nasution,Q123474247,spouse,1,1,T
Abdullah Azwar Anas,Q16162595,Ipuk Fiestiandani,Q109438116,spouse,1,1,T
Abdurrahman Wahid,Q76167,Sinta Nuriyah,Q4264061,spouse,1,1,T
Achmad Tahir,Q12470654,Rooslila Tahir,Q19731607,spouse,1,1,T
Adam Malik,Q76297,Nelly Adam Malik,Q12500336,spouse,1,1,T
Adi Sasono,Q14932959,Mala Maria Adi Sasono,P50,spouse,1,1,T
Adjie Pangestu,Q4264796,Annisa Trihapsari,Q10956050,spouse,1,1,T
Agum Gumelar,Q4694586,Linda Amalia Sari,Q12494918,spouse,1,1,T
Agus Gumiwang Kartasasmita,Q12470931,Loemongga,Q12495072,spouse,1,1,T
Agus Harimurti Yudhoyono,Q7805962,Annisa Pohan,Q7806784,spouse,1,1,T
Ahmad Dhani,Q4695305,Mulan Jameela,Q3234938,spouse,1,1,T
Ahmad Dhani,Q4695305,Maia Estianty,Q4349443,spouse,1,1,T
Ahmad Fikri Assegaf,Q73203653,Najelaa Shihab,Q56416608,spouse,1,1,T
Ahmad Mumtaz Rais,Q16164694,Futri Zulya Savitri,P75,spouse,1,1,T
Ahmad Syawqi,Q56417055,Putri Ayu Anisya,Q85993706,spouse,1,1,T
Ali Budiardjo,Q16166008,Miriam Budiardjo,Q12498605,spouse,1,1,T
Ali Sastroamidjojo,Q2669326,Kurnianingrat,Q114882718,spouse,1,1,T
Alwi Abdul Jalil Habibie,Q19745520,Tuti Marini Puspowardojo,Q19749103,spouse,1,1,T
Anak Agung Gede Ngurah Puspayoga,Q16166804,I Gusti Ayu Bintang Darmawati,Q72117992,spouse,1,1,T
Ananda Mikola,Q485781,Marcella Zalianty,Q12496916,spouse,1,1,T
Anies Baswedan,Q4263230,Fery Farhati,Q97221150,spouse,1,1,T
Annisa Pohan,Q7806784,Agus Harimurti Yudhoyono,Q7805962,spouse,1,1,T
Annisa Trihapsari,Q10956050,Sultan Djorghi,Q12517317,spouse,1,1,T
Annisa Trihapsari,Q10956050,Adjie Pangestu,Q4264796,spouse,1,1,T
Annisa Trihapsari,Q10956050,Ari Sigit,Q5703870,spouse,1,1,T
Ardi Bakrie,Q56416988,Nia Ramadhani,Q5239220,spouse,1,1,T
Ari Sigit,Q5703870,Rika Callebaut,P62,spouse,1,1,T
Ari Sigit,Q5703870,Annisa Trihapsari,Q10956050,spouse,1,1,T
Arief Budiman,Q4790355,Leila Chairani Budiman,Q12494302,spouse,1,1,T
Arifin C. Noer,Q4790571,Jajang C. Noer,Q6124331,spouse,1,1,T
Arudji Kartawinata,Q13198631,Sumarsih Subiyati,Q25462132,spouse,1,1,T
Arumi Bachsin,Q12472561,Emil Dardak,Q21828089,spouse,1,1,T
B. J. Habibie,Q76156,Hasri Ainun Besari,Q3294779,spouse,1,1,T
B.M. Diah,Q16174471,Herawati Diah,Q5732782,spouse,1,1,T
Bambang Trihatmodjo,Q12473900,Halimah Agustina Kamil,Q16044713,spouse,1,1,T
Bambang Trihatmodjo,Q12473900,Mayangsari,Q47748,spouse,1,1,T
Baskara Mahendra,Q85989078,Sherina Munaf,Q5262511,spouse,1,1,T
Ben Mboi,Q12475663,Nafsiah Mboi,Q12499835,spouse,1,1,T
Bianca Adinegoro,Q12476121,Muhammad Lutfi,Q12499368,spouse,1,1,T
Bianca Adinegoro,Q12476121,Otto Djauhari,Q16174926,spouse,1,1,T
Bobby Nasution,Q54200649,Kahiyang Ayu,Q18342895,spouse,1,1,T
Chairul Tanjung,Q5068119,Anita Ratnasari,P16,spouse,1,1,T
Clift Sangra,Q11162518,Suzzanna,Q1755541,spouse,1,1,T
Dana Iswara,Q12480790,Chatib Basri,Q12499347,spouse,1,1,T
Diaz Hendropriyono,Q20278383,Linda Ratna Nirmala,P65,spouse,1,1,T
Dicky Suprapto,Q12481493,Rachmawati Soekarnoputri,Q12507600,spouse,1,1,T
Dicky Suprapto,Q12481493,Suzzanna,Q1755541,spouse,1,1,T
Dipo Latief,Q16174788,Nikita Mirzani,Q17410734,spouse,1,1,T
Djamin Ginting,Q12481724,Likas Tarigan,Q19728450,spouse,1,1,T
Dora Marie Sigar,Q17411355,Soemitro Djojohadikoesoemo,Q7553510,spouse,1,1,T
Edhy Prabowo,Q72086432,Iis Rosita Dewi,Q96987535,spouse,1,1,T
Edi Sudradjat,Q1284477,Lulu Lugiyati,Q25469688,spouse,1,1,T
Emil Dardak,Q21828089,Arumi Bachsin,Q12472561,spouse,1,1,T
Endang Agustini Syarwan,Q16176076,Syarwan Hamid,Q12518364,spouse,1,1,T
Endang Kusuma Inten Soeweno,Q56399199,Soeweno,Q105342433,spouse,1,1,T
Erina Sofia Gudono,Q115677770,Kaesang Pangarep,Q18342896,spouse,1,1,T
Erna Witoelar,Q12482565,Rachmat Witoelar,Q7279546,spouse,1,1,T
Ersa Mayori,Q13092934,Otto Djauhari,Q16174926,spouse,1,1,T
Erwin Sudjono,Q16176328,Wirahasti Cendrawasih,P78,spouse,1,1,T
Fahmi Idris,Q5429568,Yeni Fatmawati,Q97193039,spouse,1,1,T
Fahrina Fahmi Idris,Q16176665,Poempida Hidayatulloh,Q12505908,spouse,1,1,T
Faried Anfasa Moeloek,Q13092954,Nila Moeloek,Q13095464,spouse,1,1,T
Fatmawati,Q468519,Soekarno,Q76127,spouse,1,1,T
Fery Farhati,Q97221150,Anies Baswedan,Q4263230,spouse,1,1,T
Gibran Rakabuming,Q18342893,Selvi Ananda,Q98969839,spouse,1,1,T
Gista Putri,Q12484218,Wishnutama Kusubandio,Q12524647,spouse,1,1,T
Guntur Soekarnoputra,Q49247960,Henny Emilia Handayani,P55,spouse,1,1,T
Halimah Agustina Kamil,Q16044713,Bambang Trihatmodjo,Q12473900,spouse,1,1,T
Hanum Salsabiela Rais,Q7347498,Rangga Almahendra,Q61118830,spouse,1,1,T
Hartini,Q16180134,Soekarno,Q76127,spouse,1,1,T
Hary Tanoesoedibjo,Q12485373,Liliana Tanaja Tanoesoedibjo,Q15272197,spouse,1,1,T
Haryati,Q15621517,Soekarno,Q76127,spouse,1,1,T
Hasri Ainun Besari,Q3294779,B. J. Habibie,Q76156,spouse,1,1,T
Herawati Diah,Q5732782,B. M. Diah,Q16174471,spouse,1,1,T
I Gusti Ayu Bintang Darmawati,Q72117992,Anak Agung Gede Ngurah Puspayoga,Q16166804,spouse,1,1,T
Ida Ayu Nyoman Rai,Q16182136,Soekemi Sosrodihardjo,Q19740372,spouse,1,1,T
Ida Fauziyah,Q17410595,Taufiq R. Abdullah,Q96986931,spouse,1,1,T
Idham Chalid,Q6854752,Mastura,P4,spouse,1,1,T
Iis Rosita Dewi,Q96987535,Edhy Prabowo,Q72086432,spouse,1,1,T
Inggit Garnasih,Q12486589,Soekarno,Q76127,spouse,1,1,T
Inggrid Kansil,Q16187552,Syarief Hasan,Q12518358,spouse,1,1,T
Ipuk Fiestiandani,Q109438116,Abdullah Azwar Anas,Q16162595,spouse,1,1,T
Iriana,Q17410605,Joko Widodo,Q3318231,spouse,1,1,T
Irwan Mussry,Q112053239,Maia Estianty,Q4349443,spouse,1,1,T
Iskandar (politikus),Q120260356,Lindasari Subrata,P66,spouse,1,1,T
Jajang C. Noer,Q6124331,Arifin C. Noer,Q4790571,spouse,1,1,T
Johana Sunarti Nasution,Q123474247,Abdul Haris Nasution,Q317291,spouse,1,1,T
Joko Widodo,Q3318231,Iriana,Q17410605,spouse,1,1,T
Justika Baharsjah,Q12488227,Sjarifuddin Baharsjah,Q12515630,spouse,1,1,T
Jusuf Kalla,Q76354,Mufidah Jusuf Kalla,Q7804233,spouse,1,1,T
Kaesang Pangarep,Q18342896,Erina Gudono,Q115677770,spouse,1,1,T
Kahiyang Ayu,Q18342895,Bobby Nasution,Q54200649,spouse,1,1,T
Karlinah Djaja Atmadja Wirahadikusumah,Q25463148,Umar Wirahadikusumah,Q76306,spouse,1,1,T
Kartini Manoppo,Q16187614,Soekarno,Q76127,spouse,1,1,T
Kevin Sanjaya Sukamuljo,Q15229725,Valencia Tanoesoedibjo,P25,spouse,1,1,T
Khailan Syamsu,Q16172202,Lanjumin Dt. Tumangguang,Q19728278,spouse,1,1,T
Ki Hadjar Dewantara,Q1815982,Nyi Hajar Dewantara,Q105978254,spouse,1,1,T
Kristiani Herrawati,Q4200758,Susilo Bambang Yudhoyono,Q57405,spouse,1,1,T
Kurnianingrat,Q114882718,Ali Sastroamidjojo,Q2669326,spouse,1,1,T
Ladya Cheryl,Q16172449,Zeke Khaseli,Q106977528,spouse,1,1,T
Lanjumin Dt. Tumangguang,Q19728278,Khailan Syamsu,Q16172202,spouse,1,1,T
Leila Chairani Budiman,Q12494302,Arief Budiman,Q4790355,spouse,1,1,T
Likas Tarigan,Q19728450,Jamin Ginting,Q12481724,spouse,1,1,T
Liliana Tanoesoedibjo,Q15272197,Hary Tanoesoedibjo,Q12485373,spouse,1,1,T
Linda Amalia Sari,Q12494918,Agum Gumelar,Q4694586,spouse,1,1,T
Loemongga,Q12495072,Agus Gumiwang Kartasasmita,Q12470931,spouse,1,1,T
Lulu Lugiyati,Q25469688,Edi Sudradjat,Q1284477,spouse,1,1,T
Machica Mochtar,Q16188469,Moerdiono,Q13095146,spouse,1,1,T
Maia Estianty,Q4349443,Irwan Mussry,Q112053239,spouse,1,1,T
Maia Estianty,Q4349443,Ahmad Dhani,Q4695305,spouse,1,1,T
Makiko Tanaka,Q465217,Naoki Tanaka,Q212373,spouse,1,1,T
Mangkunegara IX,Q3335337,Sukmawati Soekarnoputri,Q12517042,spouse,1,1,T
Marcella Zalianty,Q12496916,Ananda Mikola,Q485781,spouse,1,1,T
Margono Djojohadikoesoemo,Q19746197,Siti Katoemi Wirodihardjo,P71,spouse,1,1,T
Ma'ruf Amin,Q12497177,Wury Estu Handayani,Q85995222,spouse,1,1,T
Mayangsari,Q47748,Bambang Trihatmodjo,Q12473900,spouse,1,1,T
Megawati Soekarnoputri,Q76179,Surindro Supjarso,Q19748675,spouse,1,1,T
Megawati Soekarnoputri,Q76179,Taufiq Kiemas,Q4201140,spouse,1,1,T
Meuthia Hatta Swasono,Q11081076,Sri Edi Swasono,Q7585824,spouse,1,1,T
Mien Soedarpo,Q12498502,Soedarpo Sastrosatomo,Q12515745,spouse,1,1,T
Mien Sugandhi,Q20426628,Sugandhi Kartosubroto,Q85909299,spouse,1,1,T
Mimi Mariani,Q114834397,Turino Djunaedy,Q16175052,spouse,1,1,T
Moerdiono,Q13095146,Machica Mochtar,Q16188469,spouse,1,1,T
Moerdiono,Q13095146,Poppy Dharsono,Q17410935,spouse,1,1,T
Moerdiono,Q13095146,Sundari Sukoco,Q4023145,spouse,1,1,T
Mohammad Amir,Q7388337,C.M Amir-Fournier,P47,spouse,1,1,T
Mohammad Hatta,Q29050,Rahmi Rachim,Q12507601,spouse,1,1,T
Mufidah Jusuf Kalla,Q7804233,Jusuf Kalla,Q76354,spouse,1,1,T
Muhammad Chatib Basri,Q12499347,Dana Iswara,Q12480790,spouse,1,1,T
Muhammad Lutfi,Q12499368,Bianca Adinegoro,Q12476121,spouse,1,1,T
Mulan Jameela,Q3234938,Ahmad Dhani,Q4695305,spouse,1,1,T
Nadiem Makarim,Q25464675,Franka Franklin,Q25464675,spouse,1,1,T
Nafsiah Mboi,Q12499835,Ben Mboi,Q12475663,spouse,1,1,T
Najelaa Shihab,Q56416608,Ahmad Fikri Assegaf,Q73203653,spouse,1,1,T
Naoki Tanaka,Q212373,Makiko Tanaka,Q465217,spouse,1,1,T
Nelly Adam Malik,Q12500336,Adam Malik,Q76297,spouse,1,1,T
Nia Ramadhani,Q5239220,Ardi Bakrie,Q56416988,spouse,1,1,T
Nikita Mirzani,Q17410734,Dipo Latief,Q16174788,spouse,1,1,T
Nila Djuwita Anfasa Moeloek,Q13095464,Faried Anfasa Moeloek,Q13092954,spouse,1,1,T
Nur Azizah Tamhid,Q96989129,Nur Mahmudi Ismail,Q7069993,spouse,1,1,T
Nur Mahmudi Ismail,Q7069993,Nur Azizah Tamhid,Q96989129,spouse,1,1,T
Nurhayati Effendi,Q96989175,Suharso Monoarfa,Q12516581,spouse,1,1,T
Oetari,Q12515522,Soekarno,Q76127,spouse,1,1,T
Otto Djauhari,Q16174926,Bianca Adinegoro,Q12476121,spouse,1,1,T
Otto Djauhari,Q16174926,Ersa Mayori,Q13092934,spouse,1,1,T
Prabowo Subianto,Q2107268,Siti Hediati Hariyadi,Q12515517,spouse,1,1,T
Putri Ayu Anisya,Q85993706,Ahmad Syawqi,Q56417055,spouse,1,1,T
Putri Indahsari Tanjung,Q85993709,Guinandra Jatikusumo,Q117014649,spouse,1,1,T
R.E. Martadinata,Q5928807,Soetiarsih Soeraputra,P11,spouse,1,1,T
Rachmat Witoelar,Q7279546,Erna Witoelar,Q12482565,spouse,1,1,T
Rachmawati Soekarnoputri,Q12507600,Dicky Suprapto,Q12481493,spouse,1,1,T
Raden Aria Adipati Wiranatakoesoema,Q3569429,Inda Admini,P48,spouse,1,1,T
Raden Aria Adipati Wiranatakoesoema,Q3569429,Syarifah Nawawi,Q12518361,spouse,1,1,T
Raden Soekarmini,Q20278495,Poegoeh Reksoatmojo,P77,spouse,1,1,T
Radius Prawiro,Q7281390,Leoni Supit,P12,spouse,1,1,T
Rahmi Rachim,Q12507601,Mohammad Hatta,Q29050,spouse,1,1,T
Ratna Sari Dewi Soekarno,Q4263050,Soekarno,Q76127,spouse,1,1,T
Ratu Emma Norma,Q120221744,Soedharmono,Q76317,spouse,1,1,T
Ridho Rahmadi,Q107061358,Tasniem Fauzia Rais,P44,spouse,1,1,T
Roestriana Adrianti,Q23005415,Mohammad Riza Chalid,Q23005416,spouse,1,1,T
Rooslila Tahir,Q19731607,Achmad Tahir,Q12470654,spouse,1,1,T
Sakiko Kanase,Q116608620,Soekarno,Q76127,spouse,1,1,T
Sapardjo,Q56400151,Endang Suparti,P35,spouse,1,1,T
Sayuti Melik,Q7429323,S. K. Trimurti,Q7387595,spouse,1,1,T
Selvi Ananda,Q98969839,Gibran Rakabuming,Q18342893,spouse,1,1,T
Sherina Munaf,Q5262511,Baskara Mahendra,Q85989078,spouse,1,1,T
Sinta Nuriyah,Q4264061,Abdurrahman Wahid,Q76167,spouse,1,1,T
Siti Danilah Salim,Q19734409,Sjamsuddin Sutan Makmur,Q12515626,spouse,1,1,T
Siti Hartinah,Q4201169,Soeharto,Q44819,spouse,1,1,T
Siti Hediati Hariyadi,Q12515517,Prabowo Subianto,Q2107268,spouse,1,1,T
Sjafruddin Prawiranegara,Q4201482,Tengku Halimah Syehabuddin Prawiranegara,P7,spouse,1,1,T
Sjahrir (ekonom),Q7659441,Kartini Panjaitan,Q12501029,spouse,1,1,T
Sjamsuddin Sutan Makmur,Q12515626,Siti Danilah Salim,Q19734409,spouse,1,1,T
Sjarifuddin Baharsjah,Q12515630,Justika Baharsjah,Q12488227,spouse,1,1,T
SK Trimurti,Q7387595,Sayuti Melik,Q7429323,spouse,1,1,T
Soedarpo Sastrosatomo,Q12515745,Mien Soedarpo,Q12498502,spouse,1,1,T
Soedharmono,Q76317,Ratu Emma Norma,Q120221744,spouse,1,1,T
Soedomo,Q12516527,Siska Widowati,Q12515445,spouse,1,1,T
Soeharto,Q44819,Tien Soeharto,Q4201169,spouse,1,1,T
Soekanto Tjokrodiatmodjo,Q7399919,Lena Mokoginta,P31,spouse,1,1,T
Soekarno,Q76127,Sakiko Kanase,Q116608620,spouse,1,1,T
Soekarno,Q76127,Inggit Garnasih,Q12486589,spouse,1,1,T
Soekarno,Q76127,Oetari,Q12515522,spouse,1,1,T
Soekarno,Q76127,Haryati,Q15621517,spouse,1,1,T
Soekarno,Q76127,Yurike Sanger,Q15621546,spouse,1,1,T
Soekarno,Q76127,Hartini,Q16180134,spouse,1,1,T
Soekarno,Q76127,Heldy Djafar,Q16180493,spouse,1,1,T
Soekarno,Q76127,Kartini Manoppo,Q16187614,spouse,1,1,T
Soekarno,Q76127,Ratna Sari Dewi Soekarno,Q4263050,spouse,1,1,T
Soekarno,Q76127,Fatmawati Soekarno,Q468519,spouse,1,1,T
Soekemi Sosrodihardjo,Q19740372,Ida Ayu Nyoman Rai,Q16182136,spouse,1,1,T
Soeweno,Q105342433,Endang Kusuma Inten Soeweno,Q56399199,spouse,1,1,T
Sri Edi Swasono,Q7585824,Meutia Hatta,Q11081076,spouse,1,1,T
Sugandhi Kartosubroto,Q85909299,Mien Sugandhi,Q20426628,spouse,1,1,T
Suharso Monoarfa,Q12516581,Nurhayati Effendi,Q96989175,spouse,1,1,T
Sukmawati Soekarnoputri,Q12517042,Mangkunegara IX,Q3335337,spouse,1,1,T
Sultan Djorghi,Q12517317,Annisa Trihapsari,Q10956050,spouse,1,1,T
Sumitro Djojohadikusumo,Q7553510,Dora Marie Sigar,Q17411355,spouse,1,1,T
Surindro Supjarso,Q19748675,Megawati Soekarnoputri,Q76179,spouse,1,1,T
Susilo Bambang Yudhoyono,Q57405,Kristiani Herrawati,Q4200758,spouse,1,1,T
Sutomo,Q3181117,Sulistina,Q48644099,spouse,1,1,T
Suzzanna,Q1755541,Clift Sangra,Q11162518,spouse,1,1,T
Suzzanna,Q1755541,Dicky Suprapto,Q12481493,spouse,1,1,T
Syarief Hasan,Q12518358,Inggrid Kansil,Q16187552,spouse,1,1,T
Syarifah Nawawi,Q12518361,Wiranatakoesoema V,Q3569429,spouse,1,1,T
Syarwan Hamid,Q12518364,Endang Agustini Syarwan,Q16176076,spouse,1,1,T
Taufiq Kiemas,Q4201140,Megawati Soekarnoputri,Q76179,spouse,1,1,T
Taufiq R. Abdullah,Q96986931,Ida Fauziyah,Q17410595,spouse,1,1,T
Try Sutrisno,Q76333,Tuti Sutiawati,Q108483499,spouse,1,1,T
Turino Djunaedy,Q16175052,Mimi Mariani,Q114834397,spouse,1,1,T
Tuti Marini Puspowardojo,Q19749103,Alwi Abdul Jalil Habibie,Q19745520,spouse,1,1,T
Tuti Sutiawati,Q108483499,Try Sutrisno,Q76333,spouse,1,1,T
Umar Wirahadikusumah,Q76306,Karlinah Djaja Atmadja Wirahadikusumah,Q25463148,spouse,1,1,T
Wishnutama,Q12524647,Gista Putri,Q12484218,spouse,1,1,T
Wury Estu Handayani,Q85995222,Ma'ruf Amin,Q12497177,spouse,1,1,T
Yeni Fatmawati,Q97193039,Fahmi Idris,Q5429568,spouse,1,1,T
Yenny Wahid,Q3572174,Dhohir Farisi,P45,spouse,1,1,T
Yetty Rizali Noor,Q12525244,Pangeran Mohammad Noor,Q12502601,spouse,1,1,T
Yurike Sanger,Q15621546,Soekarno,Q76127,spouse,1,1,T
Zeke Khaseli,Q106977528,Ladya Cheryl,Q16172449,spouse,1,1,T
Abdul Latif Amin Imron,Q107994307,Fuad Amin Imron,Q19943268,older sibling,2,1,T
Abdul Rozaq Rais,Q16162485,Amien Rais,Q2202270,older sibling,2,1,T
Abdul Syukur,Q109433339,Wahidin Halim,Q17411648,older sibling,2,1,T
Abdul Syukur,Q109433339,Hassan Wirajuda,Q183581,older sibling,2,1,T
Abikusno Tjokrosujoso,Q4667741,Oemar Said Tjokroaminoto,Q2603591,older sibling,2,1,T
Achmad Hafisz Tohir,Q96989460,Iskandar (politikus),Q120260356,older sibling,2,1,T
Achmad Hafisz Tohir,Q96989460,Hatta Rajasa,Q4201732,older sibling,2,1,T
Achmad Hafisz Tohir,Q96989460,Hanna Gayatri,Q96989463,older sibling,2,1,T
Adi Vivid Agustiadi Bachtiar,Q61118258,Dini Agustini,P69,older sibling,2,1,T
Adi Vivid Agustiadi Bachtiar,Q61118258,Nina Agustina,Q106878555,older sibling,2,1,T
Akbar Tanjung,Q2581168,Usman Zahiruddin Tandjung,Q109442354,older sibling,2,1,T
Alwi Shihab,Q2840640,Quraish Shihab,Q55238732,older sibling,2,1,T
Andi Rizal Mallarangeng,Q7339075,Andi Alfian Mallarangeng,Q11093005,older sibling,2,1,T
Andi Sudirman Sulaiman,Q49252587,Amran Sulaiman,Q19752868,older sibling,2,1,T
Annisa Trihapsari,Q10956050,Rommy Sulastyo,Q108522104,older sibling,2,1,T
Anwar Tjokroaminoto,Q84836232,Siti Oetari,Q12515522,older sibling,2,1,T
Ardhya Pratiwi Setiowati,Q96987556,Andika Pandu Puragabaya,Q85988763,older sibling,2,1,T
Ardi Bakrie,Q56416988,Anindya Bakrie,Q12472166,older sibling,2,1,T
Bobby Nasution,Q54200649,Inge Amelia,P56,older sibling,2,1,T
Bondan Gunawan,Q14262152,Katamso Darmokusumo,Q6375087,older sibling,2,1,T
Budi Djiwandono,Q65209610,Thomas Djiwandono,Q65210174,older sibling,2,1,T
Budi Susilo Soepandji,Q12477387,Hendarman Supandji,Q4264975,older sibling,2,1,T
Budi Susilo Soepandji,Q12477387,Hendardji Soepandji,Q5713108,older sibling,2,1,T
Chairani Kalla,Q25461644,Solihin Kalla,Q7804479,older sibling,2,1,T
Deni Hasoloan Simanjuntak,Q97189867,Maruli Simanjuntak,Q19728927,older sibling,2,1,T
Dipo Latief,Q16174788,Medina Latief Harjani,Q17410712,older sibling,2,1,T
Dul Jaelani,Q16162417,Al Ghazali (pemeran),Q16164465,older sibling,2,1,T
Dul Jaelani,Q16162417,El Rumi,Q16164536,older sibling,2,1,T
Edhie Baskoro Yudhoyono,Q7806029,Agus Harimurti Yudhoyono,Q7805962,older sibling,2,1,T
Erick Thohir,Q5388188,Garibaldi Thohir,Q19725813,older sibling,2,1,T
Erna Witoelar,Q12482565,Nafsiah Mboi,Q12499835,older sibling,2,1,T
Gemala Hatta,Q25467900,Meutia Hatta,Q11081076,older sibling,2,1,T
Halida Hatta,Q12485129,Meutia Hatta,Q11081076,older sibling,2,1,T
Halida Hatta,Q12485129,Gemala Hatta,Q25467900,older sibling,2,1,T
Harsono Tjokroaminoto,Q18421456,Siti Oetari,Q12515522,older sibling,2,1,T
Harsono Tjokroaminoto,Q18421456,Anwar Tjokroaminoto,Q84836232,older sibling,2,1,T
Hartanto Edhie Wibowo,Q12485356,Kristiani Herrawati,Q4200758,older sibling,2,1,T
Hartanto Edhie Wibowo,Q12485356,Pramono Edhie Wibowo,Q7238276,older sibling,2,1,T
Hary Tanoesoedibjo,Q12485373,Bambang Rudijanto Tanoesoedibjo,Q121758668,older sibling,2,1,T
Hashim Djojohadikusumo,Q12485398,Prabowo Subianto,Q2107268,older sibling,2,1,T
Hasyim Wahid,Q56392155,Salahuddin Wahid,Q12511575,older sibling,2,1,T
Hasyim Wahid,Q56392155,Lily Chodidjah Wahid,Q16188244,older sibling,2,1,T
Hasyim Wahid,Q56392155,Abdurrahman Wahid,Q76167,older sibling,2,1,T
Hatta Rajasa,Q4201732,Hanna Gayatri,Q96989463,older sibling,2,1,T
Helmi Hasan,Q25466119,Zainudin Hasan,Q25466566,older sibling,2,1,T
Helmi Hasan,Q25466119,Zulkifli Hasan,Q4260406,older sibling,2,1,T
Hendardji Soepandji,Q5713108,Hendarman Supandji,Q4264975,older sibling,2,1,T
Herling Laoh,Q6696761,Frits Laoh,Q19746108,older sibling,2,1,T
Hutomo Mandala Putra,Q3177695,Bambang Trihatmodjo,Q12473900,older sibling,2,1,T
Hutomo Mandala Putra,Q3177695,Sigit Harjojudanto,Q12514651,older sibling,2,1,T
Hutomo Mandala Putra,Q3177695,Siti Hediati Hariyadi,Q12515517,older sibling,2,1,T
Hutomo Mandala Putra,Q3177695,Siti Hardijanti Rukmana,Q7531876,older sibling,2,1,T
I Gusti Ayu Bintang Darmawati,Q72117992,I Gusti Ngurah Jaya Negara,Q102984055,older sibling,2,1,T
Iskandar (politikus),Q120260356,Hatta Rajasa,Q4201732,older sibling,2,1,T
Iskandar (politikus),Q120260356,Hanna Gayatri,Q96989463,older sibling,2,1,T
Iskandar Sitompul,Q16183738,Ruhut Sitompul,Q4262592,older sibling,2,1,T
Kaesang Pangarep,Q18342896,Kahiyang Ayu,Q18342895,older sibling,2,1,T
Kahiyang Ayu,Q18342895,Gibran Rakabuming Raka,Q18342893,older sibling,2,1,T
Kiki Maria,Q5959589,Ari Adrianus Suprapto,Q97306964,older sibling,2,1,T
Kunto Arief Wibowo,Q61119148,Firman Santyabudi,Q16177287,older sibling,2,1,T
Loetan St. Toenaro,Q17410670,Kaharudin Datuk Rangkayo Basa,Q12488464,older sibling,2,1,T
Maroef Sjamsoeddin,Q19739210,Sjafrie Sjamsoeddin,Q12515621,older sibling,2,1,T
Mochamad Hanies Cholil Barro,Q110103050,Yahya Cholil Staquf,Q110252319,older sibling,2,1,T
Mochamad Hanies Cholil Barro,Q110103050,Yaqut Cholil Qoumas,Q56391957,older sibling,2,1,T
Moreno Soeprapto,Q1279930,Ananda Mikola,Q485781,older sibling,2,1,T
Muhaimin Iskandar,Q12499327,Abdul Halim Iskandar,Q72061441,older sibling,2,1,T
Nazarudin Kiemas,Q17410844,Taufiq Kiemas,Q4201140,older sibling,2,1,T
Olivia Zalianty,Q13095505,Marcella Zalianty,Q12496916,older sibling,2,1,T
Pramono Edhie Wibowo,Q7238276,Ani Yudhoyono,Q4200758,older sibling,2,1,T
Rahayu Saraswati,Q19731920,Aryo Djojohadikusumo,Q59656271,older sibling,2,1,T
Roesman Noerjadin,Q25466555,Roesmin Noerjadin,Q12508816,older sibling,2,1,T
Sarwono Kusumaatmadja,Q13096807,Mochtar Kusumaatmadja,Q4200159,older sibling,2,1,T
Siti Hediati Hariyadi,Q12515517,Bambang Trihatmodjo,Q12473900,older sibling,2,1,T
Siti Hediati Hariyadi,Q12515517,Sigit Harjojudanto,Q12514651,older sibling,2,1,T
Siti Hediati Hariyadi,Q12515517,Siti Hardijanti Rukmana,Q7531876,older sibling,2,1,T
Siti Hutami Endang Adiningsih,Q20278519,Bambang Trihatmodjo,Q12473900,older sibling,2,1,T
Siti Hutami Endang Adiningsih,Q20278519,Sigit Harjojudanto,Q12514651,older sibling,2,1,T
Siti Hutami Endang Adiningsih,Q20278519,Siti Hediati Hariyadi,Q12515517,older sibling,2,1,T
Siti Hutami Endang Adiningsih,Q20278519,Hutomo Mandala Putra,Q3177695,older sibling,2,1,T
Siti Hutami Endang Adiningsih,Q20278519,Siti Hardijanti Rukmana,Q7531876,older sibling,2,1,T
Soe Hok Gie,Q2277434,Arief Budiman,Q4790355,older sibling,2,1,T
Soedradjad Djiwandono,Q6107118,J. Soedjati Djiwandono,Q19845137,older sibling,2,1,T
ST Burhanuddin,Q83236699,Tubagus Hasanuddin,Q18421463,older sibling,2,1,T
Syafruddin (polisi),Q85994840,Ready Kambo,Q120202604,older sibling,2,1,T
Syahrul Yasin Limpo,Q10860301,Dewie Yasin Limpo,P29,older sibling,2,1,T
Wahidin Halim,Q17411648,Hassan Wirajuda,Q183581,older sibling,2,1,T
Wimar Witoelar,Q12524555,Rachmat Witoelar,Q7279546,older sibling,2,1,T
Yaqut Cholil Qoumas,Q56391957,Yahya Cholil Staquf,Q110252319,older sibling,2,1,T
Zainudin Hasan,Q25466566,Zulkifli Hasan,Q4260406,older sibling,2,1,T
Zita Anjani,Q31173248,Putri Zulkifli Hasan,Q104155065,older sibling,2,1,T
Abdul Rozaq Rais,Q16162485,Ridho Rahmadi,Q107061358,nephew's spouse,3,3,T
Abdul Rozaq Rais,Q16162485,Rangga Almahendra,Q61118830,nephew's spouse,3,3,T
Abdul Rozaq Rais,Q16162485,Ahmad Hanafi Rais,Q16164615,nephew,2,2,T
Abdul Rozaq Rais,Q16162485,Ahmad Mumtaz Rais,Q16164694,nephew,2,2,T
Abdul Rozaq Rais,Q16162485,Hanum Salsabiela Rais,Q7347498,nephew,2,2,T
Ali Sastroamidjojo,Q2669326,Ali Wardhana,Q13091528,nephew,2,2,T
Alwi Shihab,Q2840640,Najwa Shihab,Q4273048,nephew,2,2,T
Anwar Usman,Q24261467,Gibran Rakabuming Raka,Q18342893,nephew,2,2,T
Anwar Usman,Q24261467,Kahiyang Ayu,Q18342895,nephew,2,2,T
Anwar Usman,Q24261467,Kaesang Pangarep,Q18342896,nephew,2,2,T
Bomer Pasaribu,Q12476886,Dolly Putra Parlindungan Pasaribu,Q105764924,nephew,2,2,T
Dahlan Hasan Nasution,Q25463766,Bobby Nasution,Q54200649,nephew,2,2,T
Fariz Rustam Munaf,Q4262957,Sherina Munaf,Q5262511,nephew,2,2,T
Gemala Hatta,Q25467900,Gustika Fardani Jusuf,P23,nephew,2,2,T
Gus Irawan Pasaribu,Q31174037,Dolly Pasaribu,Q105764924,nephew,2,2,T
Handrianus Sinaga,Q28723855,O.T.B. Sitanggang,Q97239941,nephew,2,2,T
Hashim Djojohadikusumo,Q12485398,Didit Hediprasetyo,Q17410486,nephew,2,2,T
Hashim Djojohadikusumo,Q12485398,Budi Djiwandono,Q65209610,nephew,2,2,T
Hashim Djojohadikusumo,Q12485398,Thomas Djiwandono,Q65210174,nephew,2,2,T
Helmi Hasan,Q25466119,Putri Zulkifli Hasan,Q104155065,nephew,2,2,T
Helmi Hasan,Q25466119,Zita Anjani,Q31173248,nephew,2,2,T
Juwono Sudarsono,Q3107476,Armida Alisjahbana,Q4259192,nephew,2,2,T
Lily Wahid,Q16188244,Yenny Wahid,Q3572174,nephew,2,2,T
Lily Wahid,Q16188244,Alissa Qotrunnada,Q64824748,nephew,2,2,T
Lily Wahid,Q16188244,Inayah Wulandari,Q64824904,nephew,2,2,T
Luhut Binsar Panjaitan,Q14917375,Pandu Patria Sjahrir,Q97217964,nephew,2,2,T
Mahfud MD,Q6892160,Firman Syah Ali,Q116784650,nephew,2,2,T
Maraden Panggabean,Q4343894,Iskandar Sitompul,Q16183738,nephew,2,2,T
Maraden Panggabean,Q4343894,Ruhut Sitompul,Q4262592,nephew,2,2,T
Meuthia Hatta Swasono,Q11081076,Gustika Fardani Jusuf,P23,nephew,2,2,T
Mimi Mariani,Q114834397,Doris Callebaut,Q7328580,nephew,2,2,T
Nazarudin Kiemas,Q17410844,Puan Maharani,Q15646541,nephew,2,2,T
Paulus Pandjaitan,Q106462747,Faye Simanjuntak,Q72456512,nephew,2,2,T
Prabowo Subianto,Q2107268,Rahayu Saraswati,Q19731920,nephew,2,2,T
Prabowo Subianto,Q2107268,Aryo Djojohadikusumo,Q59656271,nephew,2,2,T
Prabowo Subianto,Q2107268,Budi Djiwandono,Q65209610,nephew,2,2,T
Prabowo Subianto,Q2107268,Thomas Djiwandono,Q65210174,nephew,2,2,T
Rusmin Nurjadin,Q12508816,Roestriana Adrianti,Q23005415,nephew,2,2,T
Sarwono Kusumaatmadja,Q13096807,Armida Alisjahbana,Q4259192,nephew,2,2,T
Sudarsono Mangoenadikoesoemo,Q25471319,Sarwono Kusumaatmadja,Q13096807,nephew,2,2,T
Sudarsono Mangoenadikoesoemo,Q25471319,Mochtar Kusumaatmadja,Q4200159,nephew,2,2,T
Susilo Bambang Yudhoyono,Q57405,Indrata Nur Bayuaji,Q109430785,nephew,2,2,T
Syahrul M Pasaribu,Q17411516,Dolly Putra Parlindungan Pasaribu,Q105764924,nephew,2,2,T
Syahrul Yasin Limpo,Q10860301,Adnan Purichta Ichsan,Q65212430,nephew,2,2,T
Turino Djunaedy,Q16175052,Doris Callebaut,Q7328580,nephew,2,2,T
Umar Wirahadikusumah,Q76306,Agus Wirahadikusumah,Q4694606,nephew,2,2,T
Zainudin Hasan,Q25466566,Putri Zulkifli Hasan,Q104155065,nephew,2,2,T
Zainudin Hasan,Q25466566,Zita Anjani,Q31173248,nephew,2,2,T
Abdullah Amu,Q12470573,Adnan Purichta Ichsan,Q65212430,great-grandson,3,3,T
Oemar Said Tjokroaminoto,Q2603591,Maia Estianty,Q4349443,great-grandson,3,3,T
Abdulmadjid Djojoadiningrat,Q61119002,R.A. Kartini,Q1373764,stepmother,2,2,T
Abdulmadjid Djojoadiningrat,Q61119002,Soesalit Djojoadhiningrat,Q17410497,stepsibling,3,3,T
Soesalit Djojoadhiningrat,Q17410497,Abdulmadjid Djojoadiningrat,Q61119002,stepsibling,3,3,T
Abdurrahman Wahid,Q76167,Wahid Hasjim,Q981398,father,1,1,T
Ade Irma Suryani Nasution,Q12470697,Abdul Haris Nasution,Q317291,father,1,1,T
Adi Vivid Agustiadi Bachtiar,Q61118258,Da'i Bachtiar,Q5207158,father,1,1,T
Adnan Purichta Ichsan,Q65212430,Ichsan Yasin Limpo,Q16182111,father,1,1,T
Agus Gumiwang Kartasasmita,Q12470931,Ginandjar Kartasasmita,Q5562954,father,1,1,T
Agus Harimurti Yudhoyono,Q7805962,Susilo Bambang Yudhoyono,Q57405,father,1,1,T
Ahmad Al Ghazali,Q16164465,Ahmad Dhani,Q4695305,father,1,1,T
Ahmad Hanafi Rais,Q16164615,Amien Rais,Q2202270,father,1,1,T
Ahmad Mumtaz Rais,Q16164694,Amien Rais,Q2202270,father,1,1,T
Ahmad Nizar Shihab,Q56511458,Abdurrahman Shihab,Q55766298,father,1,1,T
Airlangga Hartarto,Q12471140,Hartarto Sastrosoenarto,Q12485357,father,1,1,T
Alissa Qotrunnada,Q64824748,Abdurrahman Wahid,Q76167,father,1,1,T
Alwi Shihab,Q2840640,Abdurrahman Shihab,Q55766298,father,1,1,T
Alwin Arifin,Q17998029,Bustanil Arifin,Q5002099,father,1,1,T
Amangkurat I,Q2270649,Sultan Agung,Q1771129,father,1,1,T
Amangkurat IV,Q748484,Pakubuwana I,Q2439218,father,1,1,T
Amelia Achmad Yani,Q19751265,Ahmad Yani,Q2992817,father,1,1,T
Amrin Kahar,Q16166722,Kaharudin Datuk Rangkayo Basa,Q12488464,father,1,1,T
Ananda Mikola,Q485781,Tinton Soeprapto,P67,father,1,1,T
Andi Rizal Mallarangeng,Q7339075,Andi Mallarangeng,P15,father,1,1,T
Andi Sinjaya Ghalib,Q109432685,Andi Muhammad Ghalib,Q12472022,father,1,1,T
Andi Widjajanto,Q19745525,Theo Syafei,Q17411512,father,1,1,T
Andika Pandu Puragabaya,Q85988763,Djoko Santoso,Q4196055,father,1,1,T
Angela Tanoesoedibjo,Q72242032,Hary Tanoesoedibjo,Q12485373,father,1,1,T
Anindya Bakrie,Q12472166,Aburizal Bakrie,Q336042,father,1,1,T
Anwar Tjokroaminoto,Q84836232,Oemar Said Tjokroaminoto,Q2603591,father,1,1,T
Anyakrawati,Q6654713,Panembahan Senapati,Q4201432,father,1,1,T
Ardhya Pratiwi Setiowati,Q96987556,Djoko Santoso,Q4196055,father,1,1,T
Ardi Bakrie,Q56416988,Aburizal Bakrie,Q336042,father,1,1,T
Ari Adrianus Suprapto,Q97306964,Dicky Suprapto,Q12481493,father,1,1,T
Ari Sigit,Q5703870,Sigit Harjojudanto,Q12514651,father,1,1,T
Armida Alisjahbana,Q4259192,Mochtar Kusumaatmadja,Q4200159,father,1,1,T
Aryo Djojohadikusumo,Q59656271,Hashim Djojohadikusumo,Q12485398,father,1,1,T
Azrul Ananda,Q17410415,Dahlan Iskan,Q4252078,father,1,1,T
B. J. Habibie,Q76156,Alwi Abdul Jalil Habibie,Q19745520,father,1,1,T
Bambang Brodjonegoro,Q16169810,Sumantri Brodjonegoro,Q12517348,father,1,1,T
Bambang Trihatmodjo,Q12473900,Soeharto,Q44819,father,1,1,T
Bondan Kanumoyoso,Q123190681,Bondan Gunawan,Q14262152,father,1,1,T
Boy Sadikin,Q31173523,Ali Sadikin,Q1393182,father,1,1,T
Budi Djiwandono,Q65209610,Sudrajad Djiwandono,Q6107118,father,1,1,T
Chairani Kalla,Q25461644,Jusuf Kalla,Q76354,father,1,1,T
D.N. Aidit,Q558979,Abdullah Aidit,Q108782375,father,1,1,T
Dali Tahir,Q16173631,Achmad Tahir,Q12470654,father,1,1,T
Danang Prasetyo Wibowo,Q120203401,Erwin Sudjono,Q16176328,father,1,1,T
Diaz Hendropriyono,Q20278383,AM Hendropriyono,Q4666027,father,1,1,T
Didit Hediprasetyo,Q17410486,Prabowo Subianto,Q2107268,father,1,1,T
Dipo Latief,Q16174788,Abdul Latief (pengusaha),Q4665497,father,1,1,T
Djatikoesoemo,Q11201468,Pakubuwana X,Q2330098,father,1,1,T
Djohari Kahar,Q19725425,Kaharudin Datuk Rangkayo Basa,Q12488464,father,1,1,T
Dolly Putra Parlindungan Pasaribu,Q105764924,Panusunan Pasaribu,Q104597648,father,1,1,T
Dul Jaelani,Q16162417,Ahmad Dhani,Q4695305,father,1,1,T
Edhie Baskoro Yudhoyono,Q7806029,Susilo Bambang Yudhoyono,Q57405,father,1,1,T
El Rumi,Q16164536,Ahmad Dhani,Q4695305,father,1,1,T
Emil Arifin,Q16175997,Bustanil Arifin,Q5002099,father,1,1,T
Emil Dardak,Q21828089,Hermanto Dardak,Q12485601,father,1,1,T
Fahira Idris,Q12482713,Fahmi Idris,Q5429568,father,1,1,T
Fahrina Fahmi Idris,Q16176665,Fahmi Idris,Q5429568,father,1,1,T
Fatmawati,Q468519,Hasan Din,Q28723699,father,1,1,T
Firman Santyabudi,Q16177287,Try Sutrisno,Q76333,father,1,1,T
Garibaldi Thohir,Q19725813,Mochammad Teddy Thohir,P70,father,1,1,T
Gemala Hatta,Q25467900,Mohammad Hatta,Q29050,father,1,1,T
Gibran Rakabuming,Q18342893,Joko Widodo,Q3318231,father,1,1,T
Ginandjar Kartasasmita,Q5562954,Husein Kartasasmita,P37,father,1,1,T
Giri Ramanda Kiemas,Q56399362,Nazarudin Kiemas,Q17410844,father,1,1,T
Guntur Soekarnoputra,Q49247960,Soekarno,Q76127,father,1,1,T
Guruh Soekarnoputra,Q4264069,Soekarno,Q76127,father,1,1,T
Hadi Thayeb,Q12485046,Teuku Chik Mohammad Thayeb,Q19748953,father,1,1,T
Halida Hatta,Q12485129,Mohammad Hatta,Q29050,father,1,1,T
Halimah Agustina Kamil,Q16044713,Abdullah Kamil,Q16162613,father,1,1,T
Hamengkubuwana I,Q1135417,Amangkurat IV,Q748484,father,1,1,T
Hamengkubuwono II,Q2509252,Hamengkubuwana I,Q1135417,father,1,1,T
Hanum Salsabiela Rais,Q7347498,Amien Rais,Q2202270,father,1,1,T
Harley B. Mangindaan,Q25459745,E. E. Mangindaan,Q13092889,father,1,1,T
Harsono Tjokroaminoto,Q18421456,Oemar Said Tjokroaminoto,Q2603591,father,1,1,T
Hartanto Edhie Wibowo,Q12485356,Sarwo Edhie Wibowo,Q7424827,father,1,1,T
Harun Al-Rasjid Zain,Q12485364,Sutan Muhammad Zain,Q19749281,father,1,1,T
Hashim Djojohadikusumo,Q12485398,Prof. Dr. Soemitro Djojohadikusumo,Q7553510,father,1,1,T
Hasyim Wahid,Q56392155,Abdul Wahid Hasyim,Q981398,father,1,1,T
Hayani Isman,Q16180462,Mas Isman,Q24284592,father,1,1,T
Hayono Isman,Q5687116,Mas Isman,Q24284592,father,1,1,T
Helmi Johannes,Q12485527,Herman Johannes,Q12485593,father,1,1,T
Hotmangaraja Panjaitan,Q16181539,D.I. Panjaitan,Q4250996,father,1,1,T
Hutomo Mandala Putra,Q3177695,Soeharto,Q44819,father,1,1,T
Ichsan Yasin Limpo,Q16182111,M. Yasin Limpo,Q26818531,father,1,1,T
Ilham Aidit,Q65208264,D.N. Aidit,Q558979,father,1,1,T
Ilham Akbar Habibie,Q19726132,B. J. Habibie,Q76156,father,1,1,T
Iman Budiman,Q56399498,Edi Sudradjat,Q1284477,father,1,1,T
Inayah Wulandari,Q64824904,Abdurrahman Wahid,Q76167,father,1,1,T
Indriyanto Seno Adji,Q19733069,Oemar Seno Adji,Q12501175,father,1,1,T
Indroyono Soesilo,Q18421427,Soesilo Soedarman,Q12515785,father,1,1,T
Irianti Erningpraja,Q12486767,Ahem Erningpradja,Q25462968,father,1,1,T
Irwan Mussry,Q112053239,Charles Mussry,Q109441913,father,1,1,T
Jajang C. Noer,Q6124331,Nazir Datuk Pamoentjak,Q12500218,father,1,1,T
Jerry Sambuaga,Q65212605,Theo L. Sambuaga,Q17411225,father,1,1,T
Jessica Tanoesoedibjo,Q72242117,Hary Tanoesoedibjo,Q12485373,father,1,1,T
Johnny Sitohang,Q17410631,Jonathan Ompu Tording Sitohang,Q112933079,father,1,1,T
Juwono Sudarsono,Q3107476,Sudarsono Mangoenadikoesoemo,Q25471319,father,1,1,T
Kartika Sari Dewi Soekarno,Q15646490,Soekarno,Q76127,father,1,1,T
Kiki Maria,Q5959589,Dicky Suprapto,Q12481493,father,1,1,T
Kristiani Herrawati,Q4200758,Sarwo Edhie Wibowo,Q7424827,father,1,1,T
Kunto Arief Wibowo,Q61119148,Try Sutrisno,Q76333,father,1,1,T
Kurnianingrat,Q114882718,Sulaeman Sastrawinata,Q25469543,father,1,1,T
Lukman Hakim Saifuddin,Q16188358,Saifuddin Zuhri,Q14404735,father,1,1,T
Mangkunegara IX,Q3335337,Mangkunegoro VIII,Q2324513,father,1,1,T
Mangkunegara V,Q2973254,Mangkunegara IV,Q2196457,father,1,1,T
Mangkunegara VII,Q2633993,Mangkunegara V,Q2973254,father,1,1,T
Mangkunegoro VIII,Q2324513,Mangkunegara VII,Q2633993,father,1,1,T
Manuel Kaisiepo,Q12496803,Frans Kaisiepo,Q3083011,father,1,1,T
Mari Elka Pangestu,Q3502322,J. Panglaykim,Q15138874,father,1,1,T
Mayangsari,Q47748,Soeharto,Q44819,father,1,1,T
Medina Latief Harjani,Q17410712,Abdul Latief (pengusaha),Q4665497,father,1,1,T
Megawati Soekarnoputri,Q76179,Soekarno,Q76127,father,1,1,T
Melani Leimena Suharli,Q60330208,Johannes Leimena,Q2642883,father,1,1,T
Meuthia Hatta Swasono,Q11081076,Mohammad Hatta,Q29050,father,1,1,T
Mien Soedarpo,Q12498502,Wiranatakusumah V,Q3569429,father,1,1,T
Mohammad Prananda Prabowo,Q17410937,Surindro Supjarso,Q19748675,father,1,1,T
Moreno Soeprapto,Q1279930,Tinton Soeprapto,P67,father,1,1,T
Muhammad Iqbal (politisi),Q17410777,Bachtiar Chamsyah,Q4838924,father,1,1,T
Muhammad Lutfi,Q12499368,Firdaus Wadjdi,Q56391300,father,1,1,T
Najelaa Shihab,Q56416608,Muhammad Quraish Shihab,Q55238732,father,1,1,T
Najwa Shihab,Q4273048,Quraish Shihab,Q55238732,father,1,1,T
Nazyra C. Noer,Q106450297,Arifin C. Noer,Q4790571,father,1,1,T
Nina Agustina,Q106878555,Da'i Bachtiar,Q5207158,father,1,1,T
Nukman Moeloek,Q20741994,Abdul Moeloek,Q19737572,father,1,1,T
Oetari,Q12515522,Hadji Oemar Said Tjokroaminoto,Q2603591,father,1,1,T
Pakubuwana I,Q2439218,Amangkurat I,Q2270649,father,1,1,T
Pakubuwana II,Q1903767,Amangkurat IV,Q748484,father,1,1,T
Pakubuwana IV,Q2149375,Pakubuwana III,Q2099707,father,1,1,T
Pakubuwana IX,Q2417617,Pakubuwana VI,Q1976278,father,1,1,T
Pakubuwana V,Q4273436,Pakubuwana IV,Q2149375,father,1,1,T
Pakubuwana VI,Q1976278,Pakubuwana V,Q4273436,father,1,1,T
Pakubuwana X,Q2330098,Pakubuwana IX,Q2417617,father,1,1,T
Pakubuwono III,Q2099707,Pakubuwana II,Q1903767,father,1,1,T
Panembahan Senapati,Q4201432,Ki Ageng Pamanahan,Q5493578,father,1,1,T
Paundrakarna,Q12503831,Mangkunegara IX,Q3335337,father,1,1,T
Prabowo Subianto,Q2107268,Soemitro Djojohadikoesoemo,Q7553510,father,1,1,T
Pramono Edhie Wibowo,Q7238276,Sarwo Edhie Wibowo,Q7424827,father,1,1,T
Puan Maharani,Q15646541,Taufiq Kiemas,Q4201140,father,1,1,T
Puti Guntur Soekarno,Q12507435,Guntur Soekarnoputra,Q49247960,father,1,1,T
Putri Ayu Anisya,Q85993706,Bondan Gunawan,Q14262152,father,1,1,T
Putri Indahsari Tanjung,Q85993709,Chairul Tanjung,Q5068119,father,1,1,T
R. Syamsudin,Q17410975,Ahmad Juwaeni,P5,father,1,1,T
Rachmad Gobel,Q12507596,Thayeb Mohammad Gobel,Q12521185,father,1,1,T
Rachmawati Soekarnoputri,Q12507600,Soekarno,Q76127,father,1,1,T
Raden Hardjodikromo,Q25456690,Danoewikromo,P76,father,1,1,T
Raden Soekarmini,Q20278495,Soekemi Sosrodihardjo,Q19740372,father,1,1,T
Rahadian Yamin,Q12507680,Mohammad Yamin,Q3503054,father,1,1,T
Rahayu Saraswati,Q19731920,Hashim Djojohadikusumo,Q12485398,father,1,1,T
Raissa Anggiani,Q109429993,Rommy Sulastyo,Q108522104,father,1,1,T
Rini Mariani Soemarno Soewandi,Q6856490,Soemarno (ekonom),Q19752816,father,1,1,T
Roestriana Adrianti,Q23005415,Roesman Noerjadin,Q25466555,father,1,1,T
Roosdinal Salim,Q17411117,Emil Salim,Q4187311,father,1,1,T
Rudolf Pardede,Q12508997,Tumpal Dorianus Pardede,Q17411612,father,1,1,T
Ryamizard Ryacudu,Q7419814,Musannif Ryacudu,Q19943867,father,1,1,T
Sandiaga Uno,Q7416335,Razif Halik Uno,Q65211999,father,1,1,T
Shanti L. Poesposoetjipto,Q12514091,Soedarpo Sastrosatomo,Q12515745,father,1,1,T
Sherina Munaf,Q5262511,Triawan Munaf,Q19749051,father,1,1,T
Siti Danilah Salim,Q19734409,Sutan Mohamad Salim,Q19748683,father,1,1,T
Siti Hardijanti Rukmana,Q7531876,Soeharto,Q44819,father,1,1,T
Siti Hediati Hariyadi,Q12515517,Soeharto,Q44819,father,1,1,T
Siti Hutami Endang Adiningsih,Q20278519,Soeharto,Q44819,father,1,1,T
Sjahriar Rasad,Q19734495,Zainuddin Rasad,Q12525396,father,1,1,T
Soekarno,Q76127,Soekemi Sosrodihardjo,Q19740372,father,1,1,T
Soekemi Sosrodihardjo,Q19740372,Raden Hardjodikromo,Q25456690,father,1,1,T
Soeprijadi,Q7645143,R. Darmadi,P49,father,1,1,T
Solihin Kalla,Q7804479,Jusuf Kalla,Q76354,father,1,1,T
Suahasil Nazara,Q77195503,Hanati Nazara,Q109721869,father,1,1,T
Sukmawati Soekarnoputri,Q12517042,Soekarno,Q76127,father,1,1,T
Sultan Agung,Q1771129,Anyakrawati,Q6654713,father,1,1,T
Syahrul Yasin Limpo,Q10860301,M. Yasin Limpo,Q26818531,father,1,1,T
Syarif Hamid II dari Pontianak,Q7636656,Sultan Syarif Muhammad Alkadrie,P51,father,1,1,T
Syarif Thayeb,Q17411574,Teuku Chik Mohammad Thayeb,Q19748953,father,1,1,T
Syarifah Nawawi,Q12518361,Nawawi Soetan Makmoer,Q19729656,father,1,1,T
Tarmizi Taher,Q12520011,Taher Marah Soetan,Q12518562,father,1,1,T
Taufan Soekarnoputra,Q64623726,Soekarno,Q76127,father,1,1,T
Teuku Mohammad Hamzah Thayeb,Q17411575,Hadi Thayeb,Q12485046,father,1,1,T
Thomas Djiwandono,Q65210174,Sudrajad Djiwandono,Q6107118,father,1,1,T
Umar Shihab,Q56524376,Abdurrahman Shihab,Q55766298,father,1,1,T
Yahya Cholil Staquf,Q110252319,Cholil Bisri,Q12478642,father,1,1,T
Yaqut Cholil Qoumas,Q56391957,Cholil Bisri,Q12478642,father,1,1,T
Yetty Rizali Noor,Q12525244,Sutan Muhammad Zain,Q19749281,father,1,1,T
Zairin Zain,Q12525398,Sutan Muhammad Zain,Q19749281,father,1,1,T
Zeke Khaseli,Q106977528,Agum Gumelar,Q4694586,father,1,1,T
Zita Anjani,Q31173248,Zulkifli Hasan,Q4260406,father,1,1,T
Aburizal Bakrie,Q336042,Supardi (militer),P20,parent-in-law,2,2,T
Andika Perkasa,Q18421241,A.M. Hendropriyono,Q4666027,parent-in-law,2,2,T
Arumi Bachsin,Q12472561,Hermanto Dardak,Q12485601,parent-in-law,2,2,T
Asnawi Bahar,Q16168725,Hasan Basri Durin,Q12485387,parent-in-law,2,2,T
Baskara Mahendra,Q85989078,Triawan Munaf,Q19749051,parent-in-law,2,2,T
Bobby Nasution,Q54200649,Iriana,Q17410605,parent-in-law,2,2,T
Bobby Nasution,Q54200649,Joko Widodo,Q3318231,parent-in-law,2,2,T
Chaerul Saleh,Q5068118,Lanjumin Dt. Tumangguang,Q19728278,parent-in-law,2,2,T
Detri Warmanto,Q12481358,Tjahjo Kumolo,Q12521725,parent-in-law,2,2,T
Djohari Kahar,Q19725425,Z.A. Sutan Pangeran,Q12525375,parent-in-law,2,2,T
Erwin Sudjono,Q16176328,Sarwo Edhie Wibowo,Q7424827,parent-in-law,2,2,T
Fahmi Idris,Q5429568,Hasan Basri (MUI),Q12485388,parent-in-law,2,2,T
Gamawan Fauzi,Q5519592,Firdaus Chairani,P17,parent-in-law,2,2,T
Hadi Utomo,Q16179383,Sarwo Edhie Wibowo,Q7424827,parent-in-law,2,2,T
Jonathan Ompu Tording Sitohang,Q112933079,Ferdinand Lumban Tobing,Q11188587,parent-in-law,2,2,T
Masjchun Sofwan,Q12497248,Iskandar Tedjasukmana,Q97373847,parent-in-law,2,2,T
Moreno Soeprapto,Q1279930,Laksamana Sukardi,Q12493537,parent-in-law,2,2,T
Nila Djuwita Anfasa Moeloek,Q13095464,Abdul Moeloek,Q19737572,parent-in-law,2,2,T
Rusli Abdul Wahid,Q12509202,Abdul Wahid Ash-Shalihi,Q16162547,parent-in-law,2,2,T
Ryamizard Ryacudu,Q7419814,Try Sutrisno,Q76333,parent-in-law,2,2,T
Sinta Nuriyah,Q4264061,Wahid Hasyim,Q981398,parent-in-law,2,2,T
Susilo Bambang Yudhoyono,Q57405,Sarwo Edhie Wibowo,Q7424827,parent-in-law,2,2,T
Theo L. Sambuaga,Q17411225,Soekardi,Q105427014,parent-in-law,2,2,T
Aburizal Bakrie,Q336042,Achmad Bakrie,Q12470645,father,1,1,T
Adi Prabawa,Q49251230,Moeljadi,Q17410747,father,1,1,T
Adrin Kahar,Q16163751,Kaharudin Datuk Rangkayo Basa,Q12488464,father,1,1,T
Andi Alfian Mallarangeng,Q11093005,Andi Mallarangeng,P15,father,1,1,T
Arief Budiman,Q4790355,Soe Lie Piet,Q12515741,father,1,1,T
Dave Laksono,Q120202073,Agung Laksono,Q2581141,father,1,1,T
Depriwanto Sitohang,Q109433358,Johnny Sitohang,Q17410631,father,1,1,T
Dewi Asmara,Q123337918,Oetojo Oesman,Q12501199,father,1,1,T
E.E. Mangindaan,Q13092889,E.A. Mangindaan,Q12482243,father,1,1,T
Endang Kusuma Inten Soeweno,Q56399199,H. Koesen Hirohoesodo,P40,father,1,1,T
Faried Anfasa Moeloek,Q13092954,Abdul Moeloek,Q19737572,father,1,1,T
Hanindhito Himawan Pramana,Q107564265,Pramono Anung,Q12506342,father,1,1,T
Himawan Soetanto,Q17411418,Muhammad Mangundiprojo,Q19729468,father,1,1,T
Ida Bagus Purwalaksana,Q25468361,Ida Bagus Sudjana,Q12486239,father,1,1,T
Kaesang Pangarep,Q18342896,Joko Widodo,Q3318231,father,1,1,T
Kahiyang Ayu,Q18342895,Joko Widodo,Q3318231,father,1,1,T
Linda Amalia Sari,Q12494918,Achmad Tahir,Q12470654,father,1,1,T
Marciano Norman,Q6757170,Norman Sasono,Q49254381,father,1,1,T
Mochamad Hanies Cholil Barro,Q110103050,Cholil Bisri,Q12478642,father,1,1,T
Mohamad Hekal,Q109564145,Fuad Bawazier,Q12483133,father,1,1,T
Muhammad Quraish Shihab,Q55238732,Abdurrahman Shihab,Q55766298,father,1,1,T
Oemar Said Tjokroaminoto,Q2603591,R.M. Tjokroamiseno,P53,father,1,1,T
Raden Aria Adipati Wiranatakoesoema,Q3569429,Kusumahdilaga,Q16188009,father,1,1,T
Ravindra Airlangga,Q115049138,Airlangga Hartarto,Q12471140,father,1,1,T
Siswono Yudo Husodo,Q13097173,Soewondo (dokter),Q109564312,father,1,1,T
Soe Hok Gie,Q2277434,Soe Lie Piet,Q12515741,father,1,1,T
Toeti Heraty,Q7812944,Roosseno Soerjohadikoesoemo,Q12508921,father,1,1,T
Tuty Alawiyah,Q12522830,Abdullah Syafi'i,Q16632414,father,1,1,T
Achmad Tahir,Q12470654,Zeke Khaseli,Q106977528,grandchild,2,2,T
AR Baswedan,Q4666301,Anies Baswedan,Q4263230,grandchild,2,2,T
AR Baswedan,Q4666301,Novel Baswedan,Q49251670,grandchild,2,2,T
Emil Salim,Q4187311,Jezzie Setiawan,Q67203340,grandchild,2,2,T
Ferdinand Lumban Tobing,Q11188587,Johnny Sitohang,Q17410631,grandchild,2,2,T
Hartarto Sastrosoenarto,Q12485357,Ravindra Airlangga,Q115049138,grandchild,2,2,T
Ipik Gandamana,Q16183366,Boyke Setiawan,P10,grandchild,2,2,T
Ipik Gandamana,Q16183366,Iwan Sulandjana,Q16184069,grandchild,2,2,T
Jonathan Ompu Tording Sitohang,Q112933079,Depriwanto Sitohang,Q109433358,grandchild,2,2,T
Kaharudin Datuk Rangkayo Basa,Q12488464,Fidri Arnaldy,P72,grandchild,2,2,T
Luhut Binsar Panjaitan,Q14917375,Faye Simanjuntak,Q72456512,grandchild,2,2,T
Mohammad Sardjan,Q98785893,Indra Qadarsih,Q19745904,grandchild,2,2,T
Muhammad Mangundiprojo,Q19729468,Indroyono Soesilo,Q18421427,grandchild,2,2,T
Oto Iskandar di Nata,Q7108909,Nia Dinata,Q4201152,grandchild,2,2,T
Ratjih Natawidjaja,Q120202088,Agus Gumiwang Kartasasmita,Q12470931,grandchild,2,2,T
Sarwo Edhie Wibowo,Q7424827,Danang Prasetyo Wibowo,Q120203401,grandchild,2,2,T
Sarwo Edhie Wibowo,Q7424827,Agus Harimurti Yudhoyono,Q7805962,grandchild,2,2,T
Soedarsono Hadisapoetro,Q7553479,Ananda Syahendar Perdana,P36,grandchild,2,2,T
Soemarno Sosroatmodjo,Q13097202,Bimo Setiawan Almachzumi,Q7314466,grandchild,2,2,T
Sunario Sastrowardoyo,Q4446092,Dian Sastrowardoyo,Q2746623,grandchild,2,2,T
Sutan Gunung Tua Harahap,Q120202885,Todung Sutan Gunung Mulia,Q12521841,grandchild,2,2,T
Sutan Gunung Tua Harahap,Q120202885,Amir Sjarifoeddin,Q1810083,grandchild,2,2,T
Sutan Gunung Tua Harahap,Q120202885,Arifin Harahap,Q25465782,grandchild,2,2,T
Ade Irma Suryani Nasution,Q12470697,Johanna Sunarti,P81,mother,1,1,T
Agus Harimurti Yudhoyono,Q7805962,Kristiani Herrawati,Q4200758,mother,1,1,T
Ahmad Al Ghazali,Q16164465,Maia Estianty,Q4349443,mother,1,1,T
Alissa Qotrunnada,Q64824748,Sinta Nuriyah,Q4264061,mother,1,1,T
Angela Tanoesoedibjo,Q72242032,Liliana Tanoesoedibjo,Q15272197,mother,1,1,T
Anies Baswedan,Q4263230,Aliyah Rasyid,Q56416545,mother,1,1,T
Annisa Pohan,Q7806784,Aulia Pohan,Q7807015,mother,1,1,T
Anyakrawati,Q6654713,Ki Panjawi,Q19727714,mother,1,1,T
Ardi Bakrie,Q56416988,Tatty Murnitriati,P68,mother,1,1,T
Ari Adrianus Suprapto,Q97306964,Suzanna,Q1755541,mother,1,1,T
B. J. Habibie,Q76156,Tuti Marini Puspowardojo,Q19749103,mother,1,1,T
Bambang Trihatmodjo,Q12473900,Siti Hartinah,Q4201169,mother,1,1,T
Chairani Kalla,Q25461644,Mufidah Jusuf Kalla,Q7804233,mother,1,1,T
Dailami Firdaus,Q109541204,Tuty Alawiyah,Q12522830,mother,1,1,T
Dali Tahir,Q16173631,Rooslila Tahir,Q19731607,mother,1,1,T
Danang Prasetyo Wibowo,Q120203401,Wirahasti Cendrawasih,P78,mother,1,1,T
Didit Hediprasetyo,Q17410486,Siti Hediati Hariyadi,Q12515517,mother,1,1,T
Dul Jaelani,Q16162417,Maia Estianty,Q4349443,mother,1,1,T
Edhie Baskoro Yudhoyono,Q7806029,Ani Yudhoyono,Q4200758,mother,1,1,T
El Rumi,Q16164536,Maia Estianty,Q4349443,mother,1,1,T
Firman Santyabudi,Q16177287,Tuti Sutiawati,Q108483499,mother,1,1,T
Gemala Hatta,Q25467900,Siti Rahmiati Hatta,Q12507601,mother,1,1,T
Gibran Rakabuming,Q18342893,Iriana,Q17410605,mother,1,1,T
Ginandjar Kartasasmita,Q5562954,Ratjih Natawidjaja,Q120202088,mother,1,1,T
Guntur Soekarnoputra,Q49247960,Fatmawati,Q468519,mother,1,1,T
Guruh Soekarnoputra,Q4264069,Fatmawati,Q468519,mother,1,1,T
Halida Hatta,Q12485129,Siti Rahmiati Hatta,Q12507601,mother,1,1,T
Hashim Djojohadikusumo,Q12485398,Dora Marie Sigar,Q17411355,mother,1,1,T
Hasri Ainun Besari,Q3294779,Sadarmi Besari,Q3294779,mother,1,1,T
Hutomo Mandala Putra,Q3177695,Siti Hartinah,Q4201169,mother,1,1,T
Ilham Akbar Habibie,Q19726132,Hasri Ainun Habibie,Q3294779,mother,1,1,T
Iman Budiman,Q56399498,Lulu Lugiyati,Q25469688,mother,1,1,T
Inayah Wulandari,Q64824904,Sinta Nuriyah,Q4264061,mother,1,1,T
Indra Qadarsih,Q19745904,Titi Qadarsih,Q6147502,mother,1,1,T
Jelita Callebaut,Q85991838,Doris Callebaut,Q7328580,mother,1,1,T
Jessica Tanoesoedibjo,Q72242117,Liliana Tanoesoedibjo,Q15272197,mother,1,1,T
Joko Widodo,Q3318231,Sudjiatmi,Q56392103,mother,1,1,T
Juwono Sudarsono,Q3107476,Moespiah Soerawisastra,P22,mother,1,1,T
Kartika Sari Dewi Soekarno,Q15646490,Ratna Sari Dewi Soekarno,Q4263050,mother,1,1,T
Kiki Maria,Q5959589,Suzanna,Q1755541,mother,1,1,T
Kunto Arief Wibowo,Q61119148,Tuti Sutiawati,Q108483499,mother,1,1,T
Mangkunegara IV,Q2196457,Mangkunegara II,Q2093810,mother,1,1,T
Marcella Zalianty,Q12496916,Tetty Liz Indriati,Q12521117,mother,1,1,T
Megawati Soekarnoputri,Q76179,Fatmawati,Q468519,mother,1,1,T
Meuthia Hatta Swasono,Q11081076,Siti Rahmiati Hatta,Q12507601,mother,1,1,T
Mien Soedarpo,Q12498502,Syarifah Nawawi,Q12518361,mother,1,1,T
Mohammad Prananda Prabowo,Q17410937,Megawati Soekarnoputri,Q76179,mother,1,1,T
Nadine Kaiser,Q19727058,Susi Pudjiastuti,Q17411488,mother,1,1,T
Nazyra C. Noer,Q106450297,Jajang C. Noer,Q6124331,mother,1,1,T
Olivia Zalianty,Q13095505,Tetty Liz Indriati,Q12521117,mother,1,1,T
Paundrakarna,Q12503831,Sukmawati Soekarnoputri,Q12517042,mother,1,1,T
Prabowo Subianto,Q2107268,Dora Marie Sigar,Q17411355,mother,1,1,T
Puan Maharani,Q15646541,Megawati Soekarnoputri,Q76179,mother,1,1,T
Rachmawati Soekarnoputri,Q12507600,Fatmawati,Q468519,mother,1,1,T
Raden Soekarmini,Q20278495,Ida Ayu Nyoman Rai,Q16182136,mother,1,1,T
Sandiaga Uno,Q7416335,Mien R. Uno,Q97306870,mother,1,1,T
Shanti L. Poesposoetjipto,Q12514091,Mien Soedarpo,Q12498502,mother,1,1,T
Siti Hardijanti Rukmana,Q7531876,Siti Hartinah,Q4201169,mother,1,1,T
Siti Hediati Hariyadi,Q12515517,Siti Hartinah,Q4201169,mother,1,1,T
Siti Hutami Endang Adiningsih,Q20278519,Siti Hartinah,Q4201169,mother,1,1,T
Soekarno,Q76127,Ida Ayu Nyoman Rai,Q16182136,mother,1,1,T
Soesalit Djojoadhiningrat,Q17410497,Kartini,Q1373764,mother,1,1,T
Solihin Kalla,Q7804479,Mufidah Jusuf Kalla,Q7804233,mother,1,1,T
Sukmawati Soekarnoputri,Q12517042,Fatmawati,Q468519,mother,1,1,T
Taufan Soekarnoputra,Q64623726,Hartini,Q16180134,mother,1,1,T
Zeke Khaseli,Q106977528,Linda Amalia Sari,Q12494918,mother,1,1,T
Adnan Purichta Ichsan,Q65212430,Abdullah Amu,Q12470573,great-grandparent,3,3,T
Marciano Norman,Q6757170,Tirto Adhi Soerjo,Q12521646,great-grandparent,3,3,T
Adnan Purichta Ichsan,Q65212430,M. Yasin Limpo,Q26818531,grandparent,2,2,T
Afriansyah Noor,Q108889808,Sidi Tando,Q14917468,grandparent,2,2,T
Agus Harimurti Yudhoyono,Q7805962,Sarwo Edhie Wibowo,Q7424827,grandparent,2,2,T
Amir Sjarifuddin,Q1810083,Sutan Gunung Tua Harahap,Q120202885,grandparent,2,2,T
Anies Baswedan,Q4263230,Abdurrahman Baswedan,Q4666301,grandparent,2,2,T
Arifin Harahap,Q25465782,Sutan Gunung Tua Harahap,Q120202885,grandparent,2,2,T
Budi Djiwandono,Q65209610,Soemitro Djojohadikoesoemo,Q7553510,grandparent,2,2,T
Dailami Firdaus,Q109541204,Abdullah Syafi'i,Q16632414,grandparent,2,2,T
Danang Prasetyo Wibowo,Q120203401,Sarwo Edhie Wibowo,Q7424827,grandparent,2,2,T
Depriwanto Sitohang,Q109433358,Jonathan Ompu Tording Sitohang,Q112933079,grandparent,2,2,T
Edhie Baskoro Yudhoyono,Q7806029,Sarwo Edhie Wibowo,Q7424827,grandparent,2,2,T
Hashim Djojohadikusumo,Q12485398,Margono Djojohadikoesoemo,Q19746197,grandparent,2,2,T
Iwan Sulandjana,Q16184069,Ipik Gandamana,Q16183366,grandparent,2,2,T
Jerry Sambuaga,Q65212605,Soekardi,Q105427014,grandparent,2,2,T
Jezzie Setiawan,Q67203340,Emil Salim,Q4187311,grandparent,2,2,T
Johnny Sitohang,Q17410631,Ferdinand Lumban Tobing,Q11188587,grandparent,2,2,T
Nia Dinata,Q4201152,Otto Iskandardinata,Q7108909,grandparent,2,2,T
Paundrakarna,Q12503831,Mangkunegara VIII,Q2324513,grandparent,2,2,T
Paundrakarna,Q12503831,Ir. Soekarno,Q76127,grandparent,2,2,T
Prabowo Subianto,Q2107268,Margono Djojohadikoesoemo,Q19746197,grandparent,2,2,T
Puan Maharani,Q15646541,Soekarno,Q76127,grandparent,2,2,T
Puti Guntur Soekarno,Q12507435,Soekarno,Q76127,grandparent,2,2,T
Ravindra Airlangga,Q115049138,Hartarto Sastrosoenarto,Q12485357,grandparent,2,2,T
Salim Segaf Al-Jufri,Q12511651,Idrus bin Salim Al-Jufri,Q24284627,grandparent,2,2,T
T.S.G. Mulia,Q12521841,Sutan Gunung Tua Harahap,Q120202885,grandparent,2,2,T
Teuku Mohammad Hamzah Thayeb,Q17411575,Teuku Chik Mohammad Thayeb,Q19748953,grandparent,2,2,T
Thomas Djiwandono,Q65210174,Soemitro Djojohadikoesoemo,Q7553510,grandparent,2,2,T
Adrianus Mooy,Q12470772,Petrus Octavianus,Q25469734,cousin,3,2,T
Ali Sastroamidjojo,Q2669326,Kholil al- Bangkalani,P1,cousin,3,2,T
Amran Sulaiman,Q19752868,Samsudin Andi Arsyad,P30,cousin,3,2,T
Anies Baswedan,Q4263230,Novel Baswedan,Q49251670,cousin,3,2,T
Budi Djiwandono,Q65209610,Didit Hediprasetyo,Q17410486,cousin,3,2,T
Budi Djiwandono,Q65209610,Rahayu Saraswati Djojohadikusumo,Q19731920,cousin,3,2,T
Budi Djiwandono,Q65209610,Aryo Djojohadikusumo,Q59656271,cousin,3,2,T
Fariz Rustam Munaf,Q4262957,Triawan Munaf,Q19749051,cousin,3,2,T
Giri Ramanda Kiemas,Q56399362,Puan Maharani,Q15646541,cousin,3,2,T
Juwono Sudarsono,Q3107476,Sarwono Kusumaatmadja,Q13096807,cousin,3,2,T
Juwono Sudarsono,Q3107476,Mochtar Kusumaatmadja,Q4200159,cousin,3,2,T
Mochtar Kusumaatmadja,Q4200159,Juwono Sudarsono,Q3107476,cousin,3,2,T
Mochtar Kusumaatmadja,Q4200159,Chairul Saleh,Q5068118,cousin,3,2,T
Novel Baswedan,Q49251670,Anies Baswedan,Q4263230,cousin,3,2,T
Paundrakarna,Q12503831,Puti Guntur Soekarno,Q12507435,cousin,3,2,T
Paundrakarna,Q12503831,Puan Maharani,Q15646541,cousin,3,2,T
Paundrakarna,Q12503831,Muhammad Prananda Prabowo,Q17410937,cousin,3,2,T
Petrus Octavianus,Q25469734,Adrianus Mooy,Q12470772,cousin,3,2,T
Sarwono Kusumaatmadja,Q13096807,Juwono Sudarsono,Q3107476,cousin,3,2,T
Thomas Djiwandono,Q65210174,Rahayu Saraswati Djojohadikusumo,Q19731920,cousin,3,2,T
Thomas Djiwandono,Q65210174,Aryo Djojohadikusumo,Q59656271,cousin,3,2,T
Agum Gumelar,Q4694586,Achmad Tahir,Q12470654,parent-in-law,2,2,T
Agus Harimurti Yudhoyono,Q7805962,Aulia Pohan,Q7807015,parent-in-law,2,2,T
Aliyah Rasyid,Q56416545,Abdurrahman Baswedan,Q4666301,parent-in-law,2,2,T
Danang Hadiwibowo,Q110102784,Try Sutrisno,Q76333,parent-in-law,2,2,T
Edhie Baskoro Yudhoyono,Q7806029,Hatta Rajasa,Q4201732,parent-in-law,2,2,T
Erina Sofia Gudono,Q115677770,Joko Widodo,Q3318231,parent-in-law,2,2,T
Luhut Binsar Panjaitan,Q14917375,S.H. Simatupang,Q99237618,parent-in-law,2,2,T
Maruli Simanjuntak,Q19728927,Luhut Binsar Pandjaitan,Q14917375,parent-in-law,2,2,T
Ridho Rahmadi,Q107061358,Amien Rais,Q2202270,parent-in-law,2,2,T
Selvi Ananda,Q98969839,Joko Widodo,Q3318231,parent-in-law,2,2,T
Soemarno (ekonom),Q19752816,Iskak Martonagoro,P13,parent-in-law,2,2,T
Soesilo Soedarman,Q12515785,Muhammad Mangundiprojo,Q19729468,parent-in-law,2,2,T
Susanto Tirtoprodjo,Q6723714,Koesoemo Oetoyo,Q20426576,parent-in-law,2,2,T
Taufiq Kiemas,Q4201140,Soekarno,Q76127,parent-in-law,2,2,T
Umar Shihab,Q56524376,S. Mengga,Q26818535,parent-in-law,2,2,T
Agus Harimurti Yudhoyono,Q7805962,Hartanto Edhie Wibowo,Q12485356,uncle,2,2,T
Agus Harimurti Yudhoyono,Q7805962,Pramono Edhie Wibowo,Q7238276,uncle,2,2,T
Agus Wirahadikusumah,Q4694606,Umar Wirahadikusumah,Q76306,uncle,2,2,T
Ahmad Hanafi Rais,Q16164615,Abdul Rozaq Rais,Q16162485,uncle,2,2,T
Ahmad Mumtaz Rais,Q16164694,Abdul Rozaq Rais,Q16162485,uncle,2,2,T
Ali Wardhana,Q13091528,Ali Sastroamidjojo,Q2669326,uncle,2,2,T
Armida Alisjahbana,Q4259192,Sarwono Kusumaatmadja,Q13096807,uncle,2,2,T
Aryo Djojohadikusumo,Q59656271,Prabowo Subianto,Q2107268,uncle,2,2,T
Budi Djiwandono,Q65209610,Hashim Djojohadikusumo,Q12485398,uncle,2,2,T
Budi Djiwandono,Q65209610,Prabowo Subianto,Q2107268,uncle,2,2,T
Dolly Putra Parlindungan Pasaribu,Q105764924,Bomer Pasaribu,Q12476886,uncle,2,2,T
Dolly Putra Parlindungan Pasaribu,Q105764924,Syahrul M. Pasaribu,Q17411516,uncle,2,2,T
Dolly Putra Parlindungan Pasaribu,Q105764924,Gus Irawan Pasaribu,Q31174037,uncle,2,2,T
Edhie Baskoro Yudhoyono,Q7806029,Hartanto Edhie Wibowo,Q12485356,uncle,2,2,T
Edhie Baskoro Yudhoyono,Q7806029,Pramono Edhie Wibowo,Q7238276,uncle,2,2,T
Emil Salim,Q4187311,Agus Salim,Q118629,uncle,2,2,T
Giri Ramanda Kiemas,Q56399362,Taufik Kiemas,Q4201140,uncle,2,2,T
Hanum Salsabiela Rais,Q7347498,Abdul Rozaq Rais,Q16162485,uncle,2,2,T
Hashim Djojohadikusumo,Q12485398,Soejono Djojohadikusumo,P28,uncle,2,2,T
Hashim Djojohadikusumo,Q12485398,Soebianto Djojohadikoesoemo,Q12515742,uncle,2,2,T
Indrata Nur Bayuaji,Q109430785,Susilo Bambang Yudhoyono,Q57405,uncle,2,2,T
Iskandar Sitompul,Q16183738,Maraden Panggabean,Q4343894,uncle,2,2,T
Kaesang Pangarep,Q18342896,Anwar Usman,Q24261467,uncle,2,2,T
Mochtar Kusumaatmadja,Q4200159,Sudarsono Mangoenadikoesoemo,Q25471319,uncle,2,2,T
Moeljatno,Q6890147,Soekiman Wirjosandjojo,Q289858,uncle,2,2,T
Muhaimin Iskandar,Q12499327,Abdurrahman Wahid,Q76167,uncle,2,2,T
Najelaa Shihab,Q56416608,Alwi Shihab,Q2840640,uncle,2,2,T
Najelaa Shihab,Q56416608,Ahmad Nizar Shihab,Q56511458,uncle,2,2,T
Najelaa Shihab,Q56416608,Umar Shihab,Q56524376,uncle,2,2,T
Najwa Shihab,Q4273048,Alwi Shihab,Q2840640,uncle,2,2,T
Najwa Shihab,Q4273048,Ahmad Nizar Shihab,Q56511458,uncle,2,2,T
Najwa Shihab,Q4273048,Umar Shihab,Q56524376,uncle,2,2,T
Paundrakarna,Q12503831,Taufik Kiemas,Q4201140,uncle,2,2,T
Paundrakarna,Q12503831,Guruh Soekarnoputra,Q4264069,uncle,2,2,T
Paundrakarna,Q12503831,Guntur Soekarnoputra,Q49247960,uncle,2,2,T
Prabowo Subianto,Q2107268,Soejono Djojohadikusumo,P28,uncle,2,2,T
Prabowo Subianto,Q2107268,Soebianto Djojohadikoesoemo,Q12515742,uncle,2,2,T
Rahayu Saraswati,Q19731920,Prabowo Subianto,Q2107268,uncle,2,2,T
Roestriana Adrianti,Q23005415,Roesmin Noerjadin,Q12508816,uncle,2,2,T
Ruhut Sitompul,Q4262592,Maraden Panggabean,Q4343894,uncle,2,2,T
Saifullah Yusuf,Q12511505,Salahuddin Wahid,Q12511575,uncle,2,2,T
Saifullah Yusuf,Q12511505,Abdurrahman Wahid,Q76167,uncle,2,2,T
Sarwono Kusumaatmadja,Q13096807,Sudarsono Mangoenadikoesoemo,Q25471319,uncle,2,2,T
Sherina Munaf,Q5262511,Fariz Rustam Munaf,Q4262957,uncle,2,2,T
Teuku Mohammad Hamzah Thayeb,Q17411575,Syarief Thayeb,Q17411574,uncle,2,2,T
Thomas Djiwandono,Q65210174,Hashim Djojohadikusumo,Q12485398,uncle,2,2,T
Thomas Djiwandono,Q65210174,Prabowo Subianto,Q2107268,uncle,2,2,T
Thomas Trikasih Lembong,Q25462546,Eddie Lembong,Q25464398,uncle,2,2,T
Zita Anjani,Q31173248,Helmi Hasan,Q25466119,uncle,2,2,T
Zita Anjani,Q31173248,Zainudin Hasan,Q25466566,uncle,2,2,T
Agus Suhartono,Q4258745,Timur Pradopo,Q4209594,colleague,,,F
Timur Pradopo,Q4209594,Agus Suhartono,Q4258745,colleague,,,F
Ahmad Hanafi Rais,Q16164615,Tasniem Fauzia Rais,P44,younger sibling,2,1,T
Ahmad Hanafi Rais,Q16164615,Hanum Salsabiela Rais,Q7347498,younger sibling,2,1,T
Hanum Salsabiela Rais,Q7347498,Tasniem Fauzia Rais,P44,younger sibling,2,1,T
Ahmad Hanafi Rais,Q16164615,Ridho Rahmadi,Q107061358,sibling-in-law,2,2,T
Ahmad Hanafi Rais,Q16164615,Rangga Almahendra,Q61118830,sibling-in-law,2,2,T
Ahmad Mumtaz Rais,Q16164694,Ridho Rahmadi,Q107061358,sibling-in-law,2,2,T
Hanum Salsabiela Rais,Q7347498,Ridho Rahmadi,Q107061358,sibling-in-law,2,2,T
Ahmad Hanafi Rais,Q16164615,Ahmad Mumtaz Rais,Q16164694,younger sibling,2,1,T
Hanum Salsabiela Rais,Q7347498,Ahmad Mumtaz Rais,Q16164694,younger sibling,2,1,T
Umar Shihab,Q56524376,Alwi Shihab,Q2840640,younger sibling,2,1,T
Umar Shihab,Q56524376,Muhammad Quraish Shihab,Q55238732,younger sibling,2,1,T
Umar Shihab,Q56524376,Ahmad Nizar Shihab,Q56511458,younger sibling,2,1,T
Ahmad Mumtaz Rais,Q16164694,Ahmad Hanafi Rais,Q16164615,older sibling,2,1,T
Hanum Salsabiela Rais,Q7347498,Ahmad Hanafi Rais,Q16164615,older sibling,2,1,T
Ahmad Mumtaz Rais,Q16164694,Rangga Almahendra,Q61118830,sibling-in-law,2,2,T
Ridho Rahmadi,Q107061358,Ahmad Hanafi Rais,Q16164615,sibling-in-law,2,2,T
Ridho Rahmadi,Q107061358,Ahmad Mumtaz Rais,Q16164694,sibling-in-law,2,2,T
Ridho Rahmadi,Q107061358,Rangga Almahendra,Q61118830,sibling-in-law,2,2,T
Ahmad Mumtaz Rais,Q16164694,Hanum Salsabiela Rais,Q7347498,older sibling,2,1,T
Ali Budiardjo,Q16166008,T.B. Simatupang,Q4806383,sibling-in-law,2,2,T
Ali Sastroamidjojo,Q2669326,Danukromo,Q109439782,great-grandparent,3,3,T
Ali Wardhana,Q13091528,Robertus Sanyoto,Q115869281,nephew,2,2,T
Amir Machmud,Q4252072,Kaharudin Datuk Rangkayo Basa,Q12488464,sibling-in-law,2,2,T
D.I. Panjaitan,Q4250996,Maraden Panggabean,Q4343894,sibling-in-law,2,2,T
Danang Hadiwibowo,Q110102784,Kunto Arief Wibowo,Q61119148,sibling-in-law,2,2,T
Himawan Soetanto,Q17411418,Soesilo Soedarman,Q12515785,sibling-in-law,2,2,T
Luhut Binsar Panjaitan,Q14917375,Sjahrir (ekonom),Q7659441,sibling-in-law,2,2,T
Maruli Simanjuntak,Q19728927,Paulus Pandjaitan,Q106462747,sibling-in-law,2,2,T
Melanchton Siregar,Q64758802,Payung Bangun (akademisi),Q119279354,sibling-in-law,2,2,T
Ryamizard Ryacudu,Q7419814,Firman Santyabudi,Q16177287,sibling-in-law,2,2,T
Ryamizard Ryacudu,Q7419814,Kunto Arief Wibowo,Q61119148,sibling-in-law,2,2,T
Selvi Ananda,Q98969839,Erina Gudono,Q115677770,sibling-in-law,2,2,T
Selvi Ananda,Q98969839,Kahiyang Ayu,Q18342895,sibling-in-law,2,2,T
Selvi Ananda,Q98969839,Kaesang Pangarep,Q18342896,sibling-in-law,2,2,T
Selvi Ananda,Q98969839,Bobby Nasution,Q54200649,sibling-in-law,2,2,T
Sinta Nuriyah,Q4264061,Salahuddin Wahid,Q12511575,sibling-in-law,2,2,T
Umar Shihab,Q56524376,Aladin S. Mengga,Q25469539,sibling-in-law,2,2,T
Amir Sjarifuddin,Q1810083,Todung Sutan Gunung Mulia,Q12521841,cousin,3,2,T
Amir Sjarifuddin,Q1810083,Arifin Harahap,Q25465782,cousin,3,2,T
Arifin Harahap,Q25465782,Todung Sutan Gunung Mulia,Q12521841,cousin,3,2,T
Arifin Harahap,Q25465782,Amir Sjarifoeddin,Q1810083,cousin,3,2,T
Andika Perkasa,Q18421241,M. Setyo Sularso,Q16188456,parent-in-law,2,2,T
Aulia Pohan,Q7807015,Susilo Bambang Yudhoyono,Q57405,parent-in-law,2,2,T
Fuad Amin Imron,Q19943268,Hamzah Haz,Q76344,parent-in-law,2,2,T
Hamzah Haz,Q76344,Fuad Amin Imron,Q19943268,parent-in-law,2,2,T
Hasan Basri Durin,Q12485387,Mansyurdin Arma,Q112601366,parent-in-law,2,2,T
Hatta Rajasa,Q4201732,Susilo Bambang Yudhoyono,Q57405,parent-in-law,2,2,T
Jusuf Kalla,Q76354,Jajang C. Noer,Q6124331,parent-in-law,2,2,T
M. Setyo Sularso,Q16188456,Andika Perkasa,Q18421241,parent-in-law,2,2,T
Mansyurdin Arma,Q112601366,Hasan Basri Durin,Q12485387,parent-in-law,2,2,T
Musannif Ryacudu,Q19943867,Try Sutrisno,Q76333,parent-in-law,2,2,T
Try Sutrisno,Q76333,Musannif Ryacudu,Q19943867,parent-in-law,2,2,T
Yogie Suardi Memet,Q12525261,Lily Sumantri,Q16188248,parent-in-law,2,2,T
Andika Perkasa,Q18421241,Diaz Hendropriyono,Q20278383,sibling-in-law,2,2,T
Annisa Pohan,Q7806784,Edhie Baskoro Yudhoyono,Q7806029,sibling-in-law,2,2,T
Anwar Usman,Q24261467,Joko Widodo,Q3318231,sibling-in-law,2,2,T
Bobby Nasution,Q54200649,Erina Gudono,Q115677770,sibling-in-law,2,2,T
Bobby Nasution,Q54200649,Gibran Rakabuming Raka,Q18342893,sibling-in-law,2,2,T
Bobby Nasution,Q54200649,Kaesang Pangarep,Q18342896,sibling-in-law,2,2,T
Bobby Nasution,Q54200649,Selvi Ananda,Q98969839,sibling-in-law,2,2,T
Diaz Hendropriyono,Q20278383,Andika Perkasa,Q18421241,sibling-in-law,2,2,T
Hartanto Edhie Wibowo,Q12485356,Susilo Bambang Yudhoyono,Q57405,sibling-in-law,2,2,T
Joko Widodo,Q3318231,Anwar Usman,Q24261467,sibling-in-law,2,2,T
Kaesang Pangarep,Q18342896,Bobby Nasution,Q54200649,sibling-in-law,2,2,T
Nazarudin Kiemas,Q17410844,Megawati Soekarnoputri,Q76179,sibling-in-law,2,2,T
Nila Djuwita Anfasa Moeloek,Q13095464,Nukman Moeloek,Q20741994,sibling-in-law,2,2,T
Olivia Zalianty,Q13095505,Ananda Mikola,Q485781,sibling-in-law,2,2,T
Pramono Edhie Wibowo,Q7238276,Susilo Bambang Yudhoyono,Q57405,sibling-in-law,2,2,T
Susilo Bambang Yudhoyono,Q57405,Hartanto Edhie Wibowo,Q12485356,sibling-in-law,2,2,T
Susilo Bambang Yudhoyono,Q57405,Pramono Edhie Wibowo,Q7238276,sibling-in-law,2,2,T
T.B. Simatupang,Q4806383,Ali Budiardjo,Q16166008,sibling-in-law,2,2,T
Angela Tanoesoedibjo,Q72242032,Clarissa Tanoesoedibjo,P26,sibling,2,1,T
Angela Tanoesoedibjo,Q72242032,Valencia Tanoesoedibjo,P25,sibling,2,1,T
Angela Tanoesoedibjo,Q72242032,Warren Tanoesoedibjo,P27,sibling,2,1,T
Angela Tanoesoedibjo,Q72242032,Jessica Tanoesoedibjo,Q72242117,sibling,2,1,T
Gibran Rakabuming,Q18342893,Kahiyang Ayu,Q18342895,sibling,2,1,T
Gibran Rakabuming,Q18342893,Kaesang Pangarep,Q18342896,sibling,2,1,T
Arief Budiman,Q4790355,Soe Hok Gie,Q2277434,sibling,2,1,T
Hadi Thayeb,Q12485046,Syarief Thayeb,Q17411574,sibling,2,1,T
Hayani Isman,Q16180462,Hayono Isman,Q5687116,sibling,2,1,T
Leila Chairani Budiman,Q12494302,Sjarifuddin Baharsjah,Q12515630,sibling,2,1,T
Sjarifuddin Baharsjah,Q12515630,Leila Chairani Budiman,Q12494302,sibling,2,1,T
Syarif Thayeb,Q17411574,Hadi Thayeb,Q12485046,sibling,2,1,T
Bambang Rudijanto Tanoesoedibjo,Q121758668,Hary Tanoesoedibjo,Q12485373,sibling,2,1,T
Bobby Nasution,Q54200649,Herry Lontung Siregar,Q12485608,uncle,2,2,T
Bobby Nasution,Q54200649,Anwar Usman,Q24261467,uncle-in-law,3,2,T
Bobby Nasution,Q54200649,Dahlan Hasan Nasution,Q25463766,uncle,2,2,T
Budi Djiwandono,Q65209610,Margono Djojohadikoesoemo,Q19746197,great-grandparent,3,3,T
Danukromo,Q109439782,Ali Sastroamidjojo,Q2669326,great-grandparent,3,3,T
Ma'ruf Amin,Q12497177,Nawawi al-Bantani,Q12500204,great-grandparent,3,3,T
Paundrakarna,Q12503831,Mangkunegara VII,Q2633993,great-grandparent,3,3,T
Thomas Djiwandono,Q65210174,Margono Djojohadikoesoemo,Q19746197,great-grandparent,3,3,T
Danang Hadiwibowo,Q110102784,Firman Santyabudi,Q16177287,sibling-in-law,2,2,T
Edhie Baskoro Yudhoyono,Q7806029,Annisa Pohan,Q7806784,sibling-in-law,2,2,T
Erina Sofia Gudono,Q115677770,Gibran Rakabuming,Q18342893,sibling-in-law,2,2,T
Erina Sofia Gudono,Q115677770,Kahiyang Ayu,Q18342895,sibling-in-law,2,2,T
Erina Sofia Gudono,Q115677770,Bobby Nasution,Q54200649,sibling-in-law,2,2,T
Erina Sofia Gudono,Q115677770,Selvi Ananda,Q98969839,sibling-in-law,2,2,T
Erna Witoelar,Q12482565,Ben Mboi,Q12475663,sibling-in-law,2,2,T
Firman Santyabudi,Q16177287,Ryamizard Ryacudu,Q7419814,sibling-in-law,2,2,T
Hadi Utomo,Q16179383,Ani Yudhoyono,Q4200758,sibling-in-law,2,2,T
Hadi Utomo,Q16179383,Susilo Bambang Yudhoyono,Q57405,sibling-in-law,2,2,T
Kaharudin Datuk Rangkayo Basa,Q12488464,Amirmachmud,Q4252072,sibling-in-law,2,2,T
Kunto Arief Wibowo,Q61119148,Ryamizard Ryacudu,Q7419814,sibling-in-law,2,2,T
Paulus Pandjaitan,Q106462747,Maruli Simanjuntak,Q19728927,sibling-in-law,2,2,T
Soesilo Soedarman,Q12515785,Himawan Soetanto,Q17411418,sibling-in-law,2,2,T
Danukromo,Q109439782,Danurejo I,P54,grandparent-in-law,3,3,T
Danukromo,Q109439782,Basyeiban,Q12474917,ancestor,,,T
Oemar Said Tjokroaminoto,Q2603591,Pakubuwono III,Q2099707,ancestor,,,T
Danukromo,Q109439782,Hamengkubuwono II,Q2509252,parent-in-law,2,2,T
Doris Callebaut,Q7328580,Mimi Mariani,Q114834397,aunt,2,2,T
Giri Ramanda Kiemas,Q56399362,Megawati Soekarnoputri,Q76179,aunt,2,2,T
Paundrakarna,Q12503831,Rachmawati Soekarnoputri,Q12507600,aunt,2,2,T
Paundrakarna,Q12503831,Megawati Soekarnoputri,Q76179,aunt,2,2,T
Puti Guntur Soekarno,Q12507435,Megawati Soekarnoputri,Q76179,aunt,2,2,T
Raissa Anggiani,Q109429993,Annisa Trihapsari,Q10956050,aunt,2,2,T
Endrarto Sutarto,Q120202161,Endriartono Sutarto,Q5361867,younger sibling,2,1,T
Ryamizard Ryacudu,Q7419814,Syamsurya Ryacudu,Q17411159,younger sibling,2,1,T
Endriartono Sutarto,Q5361867,Endrarto Sutarto,Q120202161,older sibling,2,1,T
Ichsan Yasin Limpo,Q16182111,Syahrul Yasin Limpo,Q10860301,older sibling,2,1,T
Erina Sofia Gudono,Q115677770,Iriana,Q17410605,parent-in-law,2,2,T
Iriana,Q17410605,Sudjiatmi,Q56392103,parent-in-law,2,2,T
Selvi Ananda,Q98969839,Iriana,Q17410605,parent-in-law,2,2,T
Soeyono,Q18421428,Mien Sugandhi,Q20426628,parent-in-law,2,2,T
Fahira Idris,Q12482713,Fahrina Fahmi Idris,Q16176665,sibling,2,1,T
Faried Anfasa Moeloek,Q13092954,Poeti Alam Naisjah,P41,mother,1,1,T
Kaesang Pangarep,Q18342896,Iriana Joko Widodo,Q17410605,mother,1,1,T
Kahiyang Ayu,Q18342895,Iriana,Q17410605,mother,1,1,T
Linda Amalia Sari,Q12494918,Rooslila Tahir,Q19731607,mother,1,1,T
Gus Irawan Pasaribu,Q31174037,Panusunan Pasaribu,Q104597648,older sibling,2,1,T
Gus Irawan Pasaribu,Q31174037,Bomer Pasaribu,Q12476886,older sibling,2,1,T
Gus Irawan Pasaribu,Q31174037,Syahrul M Pasaribu,Q17411516,older sibling,2,1,T
Kaesang Pangarep,Q18342896,Gibran Rakabuming,Q18342893,older sibling,2,1,T
Lily Wahid,Q16188244,Salahuddin Wahid,Q12511575,older sibling,2,1,T
Lily Wahid,Q16188244,Abdurrahman Wahid,Q76167,older sibling,2,1,T
Panusunan Pasaribu,Q104597648,Bomer Pasaribu,Q12476886,older sibling,2,1,T
Syahrul M Pasaribu,Q17411516,Panusunan Pasaribu,Q104597648,older sibling,2,1,T
Syahrul M Pasaribu,Q17411516,Bomer Pasaribu,Q12476886,older sibling,2,1,T
T.B. Simatupang,Q4806383,S.H. Simatupang,Q99237618,older sibling,2,1,T
Herry Lontung Siregar,Q12485608,Bobby Nasution,Q54200649,nephew,2,2,T
Junus Effendi Habibie,Q16187445,Bacharuddin Jusuf Habibie,Q76156,older sibling,2,1,T
Syamsurya Ryacudu,Q17411159,Ryamizard Ryacudu,Q7419814,older sibling,2,1,T
Kisenda Wiranata,Q49255734,Achmad Wiranatakusumah,Q97306748,father,1,1,T
Lanjumin Dt. Tumangguang,Q19728278,Abdoel Moeis,Q1401053,sibling-in-law's spouse,3,3,T
Mahfud MD,Q6892160,Siti Marwiyah,Q109720109,sibling,2,1,T
Maia Estianty,Q4349443,Siti Oetari,Q12515522,grandparent,2,2,T
Paundrakarna,Q12503831,Fatmawati,Q468519,grandparent,2,2,T
Puan Maharani,Q15646541,Fatmawati,Q468519,grandparent,2,2,T
Puti Guntur Soekarno,Q12507435,Fatmawati,Q468519,grandparent,2,2,T
Maia Estianty,Q4349443,Tjokroaminoto,Q2603591,great-grandparent,3,3,T
Maraden Panggabean,Q4343894,D.I. Panjaitan,Q4250996,sibling-in-law,2,2,T
Payung Bangun (akademisi),Q119279354,Melanchton Siregar,Q64758802,sibling-in-law,2,2,T
Mashuri Saleh,Q12497239,Maskanan,Q120202074,sibling,2,1,T
Maskanan,Q120202074,Mashuri Saleh,Q12497239,sibling,2,1,T
Muhammad Sjafei,Q12499383,Andung Chalijah,P52,adoptive mother,1,1,T
Muhammad Sjafei,Q12499383,Ibrahim Marah Soetan,Q19726460,adoptive father,1,1,T
Oemar Said Tjokroaminoto,Q2603591,Musso,Q1398584,student,,,F
Oemar Said Tjokroaminoto,Q2603591,Sekarmadji Maridjan Kartosoewirjo,Q4198008,student,,,F
Oemar Said Tjokroaminoto,Q2603591,Semaoen,Q4415079,student,,,F
Puan Maharani,Q15646541,Prananda Prabowo,Q17410937,half-sibling,1,1,T
R. Soeprapto (militer),Q954217,Robertus Sanyoto,Q115869281,sibling-in-law,2,2,T
Ridho Rahmadi,Q107061358,Abdul Rozaq Rais,Q16162485,uncle-in-law,3,2,T
Ridho Rahmadi,Q107061358,Hanum Salsabiela Rais,Q7347498,sibling-in-law,2,2,T
Robertus Sanyoto,Q115869281,Surojo Bimantoro,Q12518152,sibling-in-law,2,2,T
Robertus Sanyoto,Q115869281,Ali Wardhana,Q13091528,sibling-in-law,2,2,T
Robertus Sanyoto,Q115869281,R. Soeprapto (militer),Q954217,sibling-in-law,2,2,T
Robertus Sanyoto,Q115869281,Suprianto Irawan,Q25469550,cousin,3,2,T
Robertus Sanyoto,Q115869281,Didi kempot,Q5661029,sibling-in-law,2,2,T
Soeyono,Q18421428,Sugandhi Kartosubroto,Q85909299,parent-in-law,2,2,T
Suprianto Irawan,Q25469550,Robertus Sanyoto,Q115869281,cousin,3,2,T
T.S.G. Mulia,Q12521841,Amir Sjarifoeddin,Q1810083,cousin,3,2,T
T.S.G. Mulia,Q12521841,Arifin Harahap,Q25465782,cousin,3,2,T
